lauf_id,datum,ereignis,pr,spec,test,klasse,beleg_commit
29650286028,2026-07-18,pull_request,293,e2e/leser-gliederung-a33.e2e.ts,"A33 — Ruhige Gliederung (Scroll-Spy / TOC) › A9 — Lese-Scroll unter CPU-Drossel: CLS 0, keine Konsolenfehler",FLAKE-GEMERGT-OHNE-FIX,- [kette;0c;P=0;specT=0;helperT=0;otherSpecT=0;nogruen]
29650286028,2026-07-18,pull_request,293,e2e/leser-gliederung-a33.e2e.ts,"A33 — Ruhige Gliederung (Scroll-Spy / TOC) › F1 — Lese-Scroll: TOC-Eigenbewegung ≤ Nudge, Highlight folgt",FLAKE-GEMERGT-OHNE-FIX,- [kette;0c;P=0;specT=0;helperT=0;otherSpecT=0;nogruen]
29650286028,2026-07-18,pull_request,293,e2e/leser-gliederung-a33.e2e.ts,A33 — Ruhige Gliederung (Scroll-Spy / TOC) › F2/V1 — manuelles TOC-Blättern wird nicht zurückgerissen,FLAKE-GEMERGT-OHNE-FIX,- [kette;0c;P=0;specT=0;helperT=0;otherSpecT=0;nogruen]
29650286028,2026-07-18,pull_request,293,e2e/leser-kopf-a9.e2e.ts,"A9: «Ansicht»-Dropdown + Gliederungs-Sprung flüssig unter CPU-Throttle, CLS 0",FLAKE-RETRY,272911f35
29650286028,2026-07-18,pull_request,293,e2e/norm-sprung.e2e.ts,"Norm-Sprung in der normalen Suchleiste (A5) › A9: Suche tippen/navigieren/springen unter starker CPU-Drossel flüssig, CLS 0",FLAKE-RETRY,272911f35
29650286028,2026-07-18,pull_request,293,e2e/verzahnung.e2e.ts,Fundstelle B (Zitiert-Gruppe): ↳ E.-Sprung erreicht die zitierende Erwägung; Chip löst ins Korpus auf,FLAKE-GEMERGT-OHNE-FIX,- [kette;0c;P=0;specT=0;helperT=0;otherSpecT=0;nogruen]
29650428479,2026-07-18,push,main,e2e/leser-gliederung-a33.e2e.ts,"A33 — Ruhige Gliederung (Scroll-Spy / TOC) › A9 — Lese-Scroll unter CPU-Drossel: CLS 0, keine Konsolenfehler",FANG-GEMISCHT,1bcca6b3b [main-push; spec im Fenster angefasst]
29650428479,2026-07-18,push,main,e2e/leser-gliederung-a33.e2e.ts,"A33 — Ruhige Gliederung (Scroll-Spy / TOC) › F1 — Lese-Scroll: TOC-Eigenbewegung ≤ Nudge, Highlight folgt",FANG-GEMISCHT,1bcca6b3b [main-push; spec im Fenster angefasst]
29650428479,2026-07-18,push,main,e2e/leser-gliederung-a33.e2e.ts,A33 — Ruhige Gliederung (Scroll-Spy / TOC) › F2/V1 — manuelles TOC-Blättern wird nicht zurückgerissen,FANG-GEMISCHT,1bcca6b3b [main-push; spec im Fenster angefasst]
29650428479,2026-07-18,push,main,e2e/leser-suche-a35-a40-a41.e2e.ts,A35 — In-Gesetz-Suche in der Kopfzeile + Treffer-Highlight › «Vertrag» im OR wird im Treffertext gehighlighted (CSS Custom Highlight API),FANG-GEMISCHT,1bcca6b3b [main-push; spec im Fenster angefasst]
29650428479,2026-07-18,push,main,e2e/norm-sprung.e2e.ts,"Norm-Sprung in der normalen Suchleiste (A5) › A9: Suche tippen/navigieren/springen unter starker CPU-Drossel flüssig, CLS 0",FANG-GEMISCHT,1bcca6b3b [main-push; spec im Fenster angefasst]
29650428479,2026-07-18,push,main,e2e/norm-sprung.e2e.ts,"Norm-Sprung in der normalen Suchleiste (A5) › «OR 257d» ⇒ Sprung ist oberster Treffer, Enter springt zu #art-257_d (P3)",FLAKE-RETRY,901524e99
29650428479,2026-07-18,push,main,e2e/verzahnung.e2e.ts,Fundstelle B (Zitiert-Gruppe): ↳ E.-Sprung erreicht die zitierende Erwägung; Chip löst ins Korpus auf,FANG-TEST,7a3ce48ab [main-push; spec im Fenster angefasst]
29654086120,2026-07-18,pull_request,296,e2e/gesetze-ia-v2-walks.e2e.ts,IA-1 · Named-Article-Klick-Beweis (§11.6 Punkt 2) › «OR 257d» → 1 Interaktion → Reader art-257_d im Viewport,FLAKE-GEMERGT-OHNE-FIX,- [kette;0c;P=0;specT=0;helperT=0;otherSpecT=0;nogruen]
29654086120,2026-07-18,pull_request,296,e2e/leser-gliederung-a33.e2e.ts,"A33 — Ruhige Gliederung (Scroll-Spy / TOC) › A9 — Lese-Scroll unter CPU-Drossel: CLS 0, keine Konsolenfehler",FLAKE-GEMERGT-OHNE-FIX,- [kette;0c;P=0;specT=0;helperT=0;otherSpecT=0;nogruen]
29654086120,2026-07-18,pull_request,296,e2e/leser-gliederung-a33.e2e.ts,"A33 — Ruhige Gliederung (Scroll-Spy / TOC) › F1 — Lese-Scroll: TOC-Eigenbewegung ≤ Nudge, Highlight folgt",FLAKE-GEMERGT-OHNE-FIX,- [kette;0c;P=0;specT=0;helperT=0;otherSpecT=0;nogruen]
29654086120,2026-07-18,pull_request,296,e2e/leser-gliederung-a33.e2e.ts,A33 — Ruhige Gliederung (Scroll-Spy / TOC) › F2/V1 — manuelles TOC-Blättern wird nicht zurückgerissen,FLAKE-GEMERGT-OHNE-FIX,- [kette;0c;P=0;specT=0;helperT=0;otherSpecT=0;nogruen]
29654226081,2026-07-18,push,main,e2e/gesetze-ia-v2-walks.e2e.ts,IA-1 · Named-Article-Klick-Beweis (§11.6 Punkt 2) › «OR 257d» → 1 Interaktion → Reader art-257_d im Viewport,FLAKE-RERUN,7a3ce48ab attempt1->2
29654226081,2026-07-18,push,main,e2e/gesetze-ia-v2-walks.e2e.ts,IA-1 · Named-Article-Klick-Beweis (§11.6 Punkt 2) › «OR 336c» → 1 Interaktion → Reader art-336_c im Viewport,FLAKE-RERUN,7a3ce48ab attempt1->2
29654226081,2026-07-18,push,main,e2e/leser-gliederung-a33.e2e.ts,"A33 — Ruhige Gliederung (Scroll-Spy / TOC) › A9 — Lese-Scroll unter CPU-Drossel: CLS 0, keine Konsolenfehler",FANG-GEMISCHT,1bcca6b3b [main-push; spec im Fenster angefasst]
29654226081,2026-07-18,push,main,e2e/leser-gliederung-a33.e2e.ts,"A33 — Ruhige Gliederung (Scroll-Spy / TOC) › F1 — Lese-Scroll: TOC-Eigenbewegung ≤ Nudge, Highlight folgt",FANG-GEMISCHT,1bcca6b3b [main-push; spec im Fenster angefasst]
29654226081,2026-07-18,push,main,e2e/leser-gliederung-a33.e2e.ts,A33 — Ruhige Gliederung (Scroll-Spy / TOC) › F2/V1 — manuelles TOC-Blättern wird nicht zurückgerissen,FANG-GEMISCHT,1bcca6b3b [main-push; spec im Fenster angefasst]
29655941022,2026-07-18,pull_request,297,e2e/gesetze.e2e.ts,Lesesicht (über Klick aus der Übersicht) › OR öffnet mit Volltext + TOC; Scroll-Spy und In-Gesetz-Suche (seitengrössen-unabhängig),FANG-PRODUKT,291659020 [kette;1c;P=1;specT=0;helperT=0;otherSpecT=0;gruen]
29655941022,2026-07-18,pull_request,297,e2e/leitfaelle-chips.e2e.ts,Leitfälle-Chips im ArtikelLeser (OR) › (c) vollständiger Normtext bleibt im DOM (Ctrl+F / §15.1),FLAKE-RETRY,38cd5fb32
29655941022,2026-07-18,pull_request,297,e2e/leser-breite-a37.e2e.ts,E6/A37 — Zitat-Link fluchtet mit der Textkante (kein toter Steg rechts) › OR: Lesespalte auf max-w-normtext (42rem) gedeckelt und in der 2-Spalten-Zelle zentriert,FANG-PRODUKT,291659020 [kette;1c;P=1;specT=0;helperT=0;otherSpecT=0;gruen]
29655941022,2026-07-18,pull_request,297,e2e/leser-breite-a37.e2e.ts,E6/A37 — Zitat-Link fluchtet mit der Textkante (kein toter Steg rechts) › OR: «Zitat/Link»-Gruppe steht bündig zur rechten Textkante,FANG-PRODUKT,291659020 [kette;1c;P=1;specT=0;helperT=0;otherSpecT=0;gruen]
29655941022,2026-07-18,pull_request,297,e2e/leser-breite-a37.e2e.ts,"E6/A37 — kein horizontaler Overflow über die Bildschirmbreiten (390–1920) › OR @1024px: kein H-Overflow, Norm sichtbar",FANG-PRODUKT,291659020 [kette;1c;P=1;specT=0;helperT=0;otherSpecT=0;gruen]
29655941022,2026-07-18,pull_request,297,e2e/leser-breite-a37.e2e.ts,"E6/A37 — kein horizontaler Overflow über die Bildschirmbreiten (390–1920) › OR @1440px: kein H-Overflow, Norm sichtbar",FANG-PRODUKT,291659020 [kette;1c;P=1;specT=0;helperT=0;otherSpecT=0;gruen]
29655941022,2026-07-18,pull_request,297,e2e/leser-breite-a37.e2e.ts,"E6/A37 — kein horizontaler Overflow über die Bildschirmbreiten (390–1920) › OR @1920px: kein H-Overflow, Norm sichtbar",FANG-PRODUKT,291659020 [kette;1c;P=1;specT=0;helperT=0;otherSpecT=0;gruen]
29655941022,2026-07-18,pull_request,297,e2e/leser-breite-a37.e2e.ts,"E6/A37 — kein horizontaler Overflow über die Bildschirmbreiten (390–1920) › OR @390px: kein H-Overflow, Norm sichtbar",FANG-PRODUKT,291659020 [kette;1c;P=1;specT=0;helperT=0;otherSpecT=0;gruen]
29655941022,2026-07-18,pull_request,297,e2e/leser-breite-a37.e2e.ts,"E6/A37 — kein horizontaler Overflow über die Bildschirmbreiten (390–1920) › OR @768px: kein H-Overflow, Norm sichtbar",FANG-PRODUKT,291659020 [kette;1c;P=1;specT=0;helperT=0;otherSpecT=0;gruen]
29655941022,2026-07-18,pull_request,297,e2e/leser-gliederung-a33.e2e.ts,"A33 — Ruhige Gliederung (Scroll-Spy / TOC) › A9 — Lese-Scroll unter CPU-Drossel: CLS 0, keine Konsolenfehler",FANG-GEMISCHT,291659020 [kette;9c;P=1;specT=1;helperT=1;otherSpecT=1;gruen]
29655941022,2026-07-18,pull_request,297,e2e/leser-gliederung-a33.e2e.ts,"A33 — Ruhige Gliederung (Scroll-Spy / TOC) › F1 — Lese-Scroll: TOC-Eigenbewegung ≤ Nudge, Highlight folgt",FANG-GEMISCHT,291659020 [kette;9c;P=1;specT=1;helperT=1;otherSpecT=1;gruen]
29655941022,2026-07-18,pull_request,297,e2e/leser-gliederung-a33.e2e.ts,A33 — Ruhige Gliederung (Scroll-Spy / TOC) › F2/V1 — manuelles TOC-Blättern wird nicht zurückgerissen,FANG-GEMISCHT,291659020 [kette;9c;P=1;specT=1;helperT=1;otherSpecT=1;gruen]
29655941022,2026-07-18,pull_request,297,e2e/leser-kopf-a9.e2e.ts,"A9: «Ansicht»-Dropdown + Gliederungs-Sprung flüssig unter CPU-Throttle, CLS 0",FANG-PRODUKT,291659020 [kette;1c;P=1;specT=0;helperT=0;otherSpecT=0;gruen]
29655941022,2026-07-18,pull_request,297,e2e/leser-lesemass.e2e.ts,R5 · Lesemass Desktop (≤ 75 ch @ 1440) › OR: Lesespalte ≤ 75 ch,FANG-PRODUKT,291659020 [kette;1c;P=1;specT=0;helperT=0;otherSpecT=0;gruen]
29655941022,2026-07-18,pull_request,297,e2e/leser-lesemass.e2e.ts,"R5 · Lesemass Mobil (≥ 30 ch @ 390, kein H-Overflow) › OR: Lesespalte ≥ 30 ch, kein H-Overflow",FLAKE-RETRY,38cd5fb32
29655941022,2026-07-18,pull_request,297,e2e/leser-suche-a35-a40-a41.e2e.ts,"A35 — In-Gesetz-Suche in der Kopfzeile + Treffer-Highlight › Suchfeld sitzt in der sticky Kopfzeilen-Leiste, NICHT in der Gliederungsspalte",FANG-PRODUKT,291659020 [kette;1c;P=1;specT=0;helperT=0;otherSpecT=0;gruen]
29655941022,2026-07-18,pull_request,297,e2e/leser-suche-a35-a40-a41.e2e.ts,A35 — In-Gesetz-Suche in der Kopfzeile + Treffer-Highlight › «Vertrag» im OR wird im Treffertext gehighlighted (CSS Custom Highlight API),FANG-PRODUKT,291659020 [kette;1c;P=1;specT=0;helperT=0;otherSpecT=0;gruen]
29655941022,2026-07-18,pull_request,297,e2e/leser-suche-a35-a40-a41.e2e.ts,A41 — Header-Dropdown liegt über der Gesetzes-Kopfzeile › Trefferdropdown der Topbar-Suche verdeckt die sticky Gesetzes-Kopfzeile (nicht umgekehrt),FANG-PRODUKT,291659020 [kette;1c;P=1;specT=0;helperT=0;otherSpecT=0;gruen]
29655941022,2026-07-18,pull_request,297,e2e/norm-sprung.e2e.ts,"Norm-Sprung in der normalen Suchleiste (A5) › «OR 257d» ⇒ Sprung ist oberster Treffer, Enter springt zu #art-257_d (P3)",FANG-PRODUKT,291659020 [kette;1c;P=1;specT=0;helperT=0;otherSpecT=0;gruen]
29655941022,2026-07-18,pull_request,297,e2e/verweis-u.e2e.ts,FN-3 — Präambel-Fussnoten inline (Marker + Kopf-Apparat-Anker) › OR-Ingress: Marker 1 verlinkt auf Kopf-Apparat #fn-kopf-1,FANG-PRODUKT,291659020 [kette;1c;P=1;specT=0;helperT=0;otherSpecT=0;gruen]
29660346949,2026-07-18,pull_request,297,e2e/leser-gliederung-a33.e2e.ts,"A33 — Ruhige Gliederung (Scroll-Spy / TOC) › A9 — Lese-Scroll unter CPU-Drossel: CLS 0, keine Konsolenfehler",FANG-GEMISCHT,2ba8b2e93 [kette;8c;P=1;specT=1;helperT=1;otherSpecT=1;gruen]
29660346949,2026-07-18,pull_request,297,e2e/leser-gliederung-a33.e2e.ts,"A33 — Ruhige Gliederung (Scroll-Spy / TOC) › F1 — Lese-Scroll: TOC-Eigenbewegung ≤ Nudge, Highlight folgt",FANG-GEMISCHT,2ba8b2e93 [kette;8c;P=1;specT=1;helperT=1;otherSpecT=1;gruen]
29661908585,2026-07-18,pull_request,297,e2e/leser-gliederung-a33.e2e.ts,"A33 — Ruhige Gliederung (Scroll-Spy / TOC) › A9 — Lese-Scroll unter CPU-Drossel: CLS 0, keine Konsolenfehler",FANG-GEMISCHT,087a80d40 [kette;6c;P=1;specT=1;helperT=1;otherSpecT=1;gruen]
29661908585,2026-07-18,pull_request,297,e2e/leser-gliederung-a33.e2e.ts,"A33 — Ruhige Gliederung (Scroll-Spy / TOC) › F1 — Lese-Scroll: TOC-Eigenbewegung ≤ Nudge, Highlight folgt",FLAKE-RETRY,65d1e503b
29663911100,2026-07-18,pull_request,297,e2e/gesetze-ia-v2-walks.e2e.ts,IA-1 · Named-Article-Klick-Beweis (§11.6 Punkt 2) › «OR 257d» → 1 Interaktion → Reader art-257_d im Viewport,FANG-GEMISCHT,087a80d40 [kette;3c;P=1;specT=1;helperT=0;otherSpecT=1;gruen]
29663911100,2026-07-18,pull_request,297,e2e/gesetze-ia-v2-walks.e2e.ts,IA-1 · Named-Article-Klick-Beweis (§11.6 Punkt 2) › «OR 336c» → 1 Interaktion → Reader art-336_c im Viewport,FANG-GEMISCHT,087a80d40 [kette;3c;P=1;specT=1;helperT=0;otherSpecT=1;gruen]
29663911100,2026-07-18,pull_request,297,e2e/gesetze.e2e.ts,Lesesicht (über Klick aus der Übersicht) › OR öffnet mit Volltext + TOC; Scroll-Spy und In-Gesetz-Suche (seitengrössen-unabhängig),FLAKE-RERUN,b03995072 attempt1->2
29663911100,2026-07-18,pull_request,297,e2e/leser-breite-a37.e2e.ts,E6/A37 — Zitat-Link fluchtet mit der Textkante (kein toter Steg rechts) › OR: Lesespalte auf max-w-normtext (42rem) gedeckelt und in der 2-Spalten-Zelle zentriert,FLAKE-RERUN,b03995072 attempt1->2
29663911100,2026-07-18,pull_request,297,e2e/leser-breite-a37.e2e.ts,E6/A37 — Zitat-Link fluchtet mit der Textkante (kein toter Steg rechts) › OR: «Zitat/Link»-Gruppe steht bündig zur rechten Textkante,FLAKE-RERUN,b03995072 attempt1->2
29663911100,2026-07-18,pull_request,297,e2e/leser-breite-a37.e2e.ts,"E6/A37 — kein horizontaler Overflow über die Bildschirmbreiten (390–1920) › OR @1024px: kein H-Overflow, Norm sichtbar",FLAKE-RERUN,b03995072 attempt1->2
29663911100,2026-07-18,pull_request,297,e2e/leser-breite-a37.e2e.ts,"E6/A37 — kein horizontaler Overflow über die Bildschirmbreiten (390–1920) › OR @1440px: kein H-Overflow, Norm sichtbar",FLAKE-RERUN,b03995072 attempt1->2
29663911100,2026-07-18,pull_request,297,e2e/leser-breite-a37.e2e.ts,"E6/A37 — kein horizontaler Overflow über die Bildschirmbreiten (390–1920) › OR @1920px: kein H-Overflow, Norm sichtbar",FLAKE-RERUN,b03995072 attempt1->2
29663911100,2026-07-18,pull_request,297,e2e/leser-breite-a37.e2e.ts,"E6/A37 — kein horizontaler Overflow über die Bildschirmbreiten (390–1920) › OR @390px: kein H-Overflow, Norm sichtbar",FLAKE-RERUN,b03995072 attempt1->2
29663911100,2026-07-18,pull_request,297,e2e/leser-breite-a37.e2e.ts,"E6/A37 — kein horizontaler Overflow über die Bildschirmbreiten (390–1920) › OR @768px: kein H-Overflow, Norm sichtbar",FLAKE-RERUN,b03995072 attempt1->2
29663911100,2026-07-18,pull_request,297,e2e/leser-gliederung-a33.e2e.ts,"A33 — Ruhige Gliederung (Scroll-Spy / TOC) › A9 — Lese-Scroll unter CPU-Drossel: CLS 0, keine Konsolenfehler",FANG-PRODUKT,087a80d40 [kette;5c;P=1;specT=0;helperT=0;otherSpecT=1;gruen]
29663911100,2026-07-18,pull_request,297,e2e/leser-gliederung-a33.e2e.ts,"A33 — Ruhige Gliederung (Scroll-Spy / TOC) › F1 — Lese-Scroll: TOC-Eigenbewegung ≤ Nudge, Highlight folgt",FANG-PRODUKT,087a80d40 [kette;5c;P=1;specT=0;helperT=0;otherSpecT=1;gruen]
29663911100,2026-07-18,pull_request,297,e2e/leser-gliederung-a33.e2e.ts,A33 — Ruhige Gliederung (Scroll-Spy / TOC) › F2/V1 — manuelles TOC-Blättern wird nicht zurückgerissen,FANG-PRODUKT,087a80d40 [kette;5c;P=1;specT=0;helperT=0;otherSpecT=1;gruen]
29663911100,2026-07-18,pull_request,297,e2e/leser-kopf-a9.e2e.ts,"A9: «Ansicht»-Dropdown + Gliederungs-Sprung flüssig unter CPU-Throttle, CLS 0",FLAKE-RERUN,b03995072 attempt1->2
29663911100,2026-07-18,pull_request,297,e2e/leser-lesemass.e2e.ts,R5 · Lesemass Desktop (≤ 75 ch @ 1440) › OR: Lesespalte ≤ 75 ch,FLAKE-RERUN,b03995072 attempt1->2
29663911100,2026-07-18,pull_request,297,e2e/leser-lesemass.e2e.ts,"R5 · Lesemass Mobil (≥ 30 ch @ 390, kein H-Overflow) › OR: Lesespalte ≥ 30 ch, kein H-Overflow",FLAKE-RERUN,b03995072 attempt1->2
29663911100,2026-07-18,pull_request,297,e2e/leser-suche-a35-a40-a41.e2e.ts,"A35 — In-Gesetz-Suche in der Kopfzeile + Treffer-Highlight › Suchfeld sitzt in der sticky Kopfzeilen-Leiste, NICHT in der Gliederungsspalte",FLAKE-RERUN,b03995072 attempt1->2
29663911100,2026-07-18,pull_request,297,e2e/leser-suche-a35-a40-a41.e2e.ts,A35 — In-Gesetz-Suche in der Kopfzeile + Treffer-Highlight › «Vertrag» im OR wird im Treffertext gehighlighted (CSS Custom Highlight API),FANG-GEMISCHT,087a80d40 [kette;3c;P=1;specT=1;helperT=0;otherSpecT=1;gruen]
29663911100,2026-07-18,pull_request,297,e2e/leser-suche-a35-a40-a41.e2e.ts,A41 — Header-Dropdown liegt über der Gesetzes-Kopfzeile › Trefferdropdown der Topbar-Suche verdeckt die sticky Gesetzes-Kopfzeile (nicht umgekehrt),FLAKE-RERUN,b03995072 attempt1->2
29663911100,2026-07-18,pull_request,297,e2e/norm-sprung.e2e.ts,"Norm-Sprung in der normalen Suchleiste (A5) › «OR 257d» ⇒ Sprung ist oberster Treffer, Enter springt zu #art-257_d (P3)",FANG-GEMISCHT,087a80d40 [kette;3c;P=1;specT=1;helperT=0;otherSpecT=1;gruen]
29664547717,2026-07-18,pull_request,298,e2e/leser-gliederung-a33.e2e.ts,"A33 — Ruhige Gliederung (Scroll-Spy / TOC) › A9 — Lese-Scroll unter CPU-Drossel: CLS 0, keine Konsolenfehler",FLAKE-GEMERGT-OHNE-FIX,- [kette;0c;P=0;specT=0;helperT=0;otherSpecT=0;gruen]
29664547717,2026-07-18,pull_request,298,e2e/leser-gliederung-a33.e2e.ts,"A33 — Ruhige Gliederung (Scroll-Spy / TOC) › F1 — Lese-Scroll: TOC-Eigenbewegung ≤ Nudge, Highlight folgt",FLAKE-GEMERGT-OHNE-FIX,- [kette;0c;P=0;specT=0;helperT=0;otherSpecT=0;gruen]
29664547717,2026-07-18,pull_request,298,e2e/leser-gliederung-a33.e2e.ts,A33 — Ruhige Gliederung (Scroll-Spy / TOC) › F2/V1 — manuelles TOC-Blättern wird nicht zurückgerissen,FLAKE-GEMERGT-OHNE-FIX,- [kette;0c;P=0;specT=0;helperT=0;otherSpecT=0;gruen]
29664547717,2026-07-18,pull_request,298,e2e/leser-suche-a35-a40-a41.e2e.ts,A35 — In-Gesetz-Suche in der Kopfzeile + Treffer-Highlight › «Vertrag» im OR wird im Treffertext gehighlighted (CSS Custom Highlight API),FLAKE-GEMERGT-OHNE-FIX,- [kette;0c;P=0;specT=0;helperT=0;otherSpecT=0;gruen]
29664547717,2026-07-18,pull_request,298,e2e/norm-sprung.e2e.ts,"Norm-Sprung in der normalen Suchleiste (A5) › A9: Suche tippen/navigieren/springen unter starker CPU-Drossel flüssig, CLS 0",FLAKE-GEMERGT-OHNE-FIX,- [kette;0c;P=0;specT=0;helperT=0;otherSpecT=0;gruen]
29664547717,2026-07-18,pull_request,298,e2e/norm-sprung.e2e.ts,"Norm-Sprung in der normalen Suchleiste (A5) › «OR 257d» ⇒ Sprung ist oberster Treffer, Enter springt zu #art-257_d (P3)",FLAKE-GEMERGT-OHNE-FIX,- [kette;0c;P=0;specT=0;helperT=0;otherSpecT=0;gruen]
29664547717,2026-07-18,pull_request,298,e2e/verweis-u.e2e.ts,FN-3 — Präambel-Fussnoten inline (Marker + Kopf-Apparat-Anker) › OR-Ingress: Marker 1 verlinkt auf Kopf-Apparat #fn-kopf-1,FLAKE-RETRY,25744b17a
29664547717,2026-07-18,pull_request,298,e2e/verweis-u.e2e.ts,FN-3 — Präambel-Fussnoten inline (Marker + Kopf-Apparat-Anker) › R9/§8: Marker folgt dem Fussnoten-Toggle (Substanz bleibt im DOM),FLAKE-RETRY,25744b17a
29664615727,2026-07-18,pull_request,299,e2e/leser-breite-a37.e2e.ts,"E6/A37 — kein horizontaler Overflow über die Bildschirmbreiten (390–1920) › OR @390px: kein H-Overflow, Norm sichtbar",FLAKE-RETRY,19e6bfdf2
29664615727,2026-07-18,pull_request,299,e2e/leser-gliederung-a33.e2e.ts,"A33 — Ruhige Gliederung (Scroll-Spy / TOC) › A9 — Lese-Scroll unter CPU-Drossel: CLS 0, keine Konsolenfehler",UNKLAR-NURANDERES,1b0801c41 [kette;1c;P=0;specT=0;helperT=0;otherSpecT=0;gruen]
29664615727,2026-07-18,pull_request,299,e2e/leser-gliederung-a33.e2e.ts,"A33 — Ruhige Gliederung (Scroll-Spy / TOC) › F1 — Lese-Scroll: TOC-Eigenbewegung ≤ Nudge, Highlight folgt",UNKLAR-NURANDERES,1b0801c41 [kette;1c;P=0;specT=0;helperT=0;otherSpecT=0;gruen]
29664615727,2026-07-18,pull_request,299,e2e/leser-gliederung-a33.e2e.ts,A33 — Ruhige Gliederung (Scroll-Spy / TOC) › F2/V1 — manuelles TOC-Blättern wird nicht zurückgerissen,UNKLAR-NURANDERES,1b0801c41 [kette;1c;P=0;specT=0;helperT=0;otherSpecT=0;gruen]
29664615727,2026-07-18,pull_request,299,e2e/leser-suche-a35-a40-a41.e2e.ts,A35 — In-Gesetz-Suche in der Kopfzeile + Treffer-Highlight › «Vertrag» im OR wird im Treffertext gehighlighted (CSS Custom Highlight API),FLAKE-RERUN,19e6bfdf2 attempt1->2
29664615727,2026-07-18,pull_request,299,e2e/norm-sprung.e2e.ts,"Norm-Sprung in der normalen Suchleiste (A5) › «OR 257d» ⇒ Sprung ist oberster Treffer, Enter springt zu #art-257_d (P3)",FLAKE-RETRY,19e6bfdf2
29667660936,2026-07-19,pull_request,297,e2e/leser-gliederung-a33.e2e.ts,"A33 — Ruhige Gliederung (Scroll-Spy / TOC) › A9 — Lese-Scroll unter CPU-Drossel: CLS 0, keine Konsolenfehler",FANG-PRODUKT,3d88886f5 [kette;2c;P=1;specT=0;helperT=0;otherSpecT=0;gruen]
29669030650,2026-07-19,pull_request,297,e2e/leser-lesemass.e2e.ts,R5 · Lesemass Desktop (≤ 75 ch @ 1440) › OR: Lesespalte ≤ 75 ch,FANG-PRODUKT,b3f304592 [kette;1c;P=1;specT=0;helperT=0;otherSpecT=0;gruen]
29669397141,2026-07-19,pull_request,300,e2e/a11y.e2e.ts,Startseite mit offener Universal-Suche ──────────────────────,FANG-PRODUKT,082597cbc [kette;4c;P=1;specT=0;helperT=0;otherSpecT=1;gruen]
29669397141,2026-07-19,pull_request,300,e2e/gesetze.e2e.ts,Lesesicht (über Klick aus der Übersicht) › OR öffnet mit Volltext + TOC; Scroll-Spy und In-Gesetz-Suche (seitengrössen-unabhängig),FANG-PRODUKT,082597cbc [kette;4c;P=1;specT=0;helperT=0;otherSpecT=1;gruen]
29669397141,2026-07-19,pull_request,300,e2e/leitfaelle-chips.e2e.ts,Leitfälle-Chips im ArtikelLeser (OR) › (c) vollständiger Normtext bleibt im DOM (Ctrl+F / §15.1),FANG-PRODUKT,082597cbc [kette;4c;P=1;specT=0;helperT=0;otherSpecT=1;gruen]
29669397141,2026-07-19,pull_request,300,e2e/leser-breite-a37.e2e.ts,E6/A37 — Zitat-Link fluchtet mit der Textkante (kein toter Steg rechts) › OR: Lesespalte auf max-w-normtext (42rem) gedeckelt und in der 2-Spalten-Zelle zentriert,FANG-PRODUKT,082597cbc [kette;4c;P=1;specT=0;helperT=0;otherSpecT=1;gruen]
29669397141,2026-07-19,pull_request,300,e2e/leser-breite-a37.e2e.ts,E6/A37 — Zitat-Link fluchtet mit der Textkante (kein toter Steg rechts) › OR: «Zitat/Link»-Gruppe steht bündig zur rechten Textkante,FANG-PRODUKT,082597cbc [kette;4c;P=1;specT=0;helperT=0;otherSpecT=1;gruen]
29669397141,2026-07-19,pull_request,300,e2e/leser-breite-a37.e2e.ts,"E6/A37 — kein horizontaler Overflow über die Bildschirmbreiten (390–1920) › OR @1024px: kein H-Overflow, Norm sichtbar",FANG-PRODUKT,082597cbc [kette;4c;P=1;specT=0;helperT=0;otherSpecT=1;gruen]
29669397141,2026-07-19,pull_request,300,e2e/leser-breite-a37.e2e.ts,"E6/A37 — kein horizontaler Overflow über die Bildschirmbreiten (390–1920) › OR @1440px: kein H-Overflow, Norm sichtbar",FANG-PRODUKT,082597cbc [kette;4c;P=1;specT=0;helperT=0;otherSpecT=1;gruen]
29669397141,2026-07-19,pull_request,300,e2e/leser-breite-a37.e2e.ts,"E6/A37 — kein horizontaler Overflow über die Bildschirmbreiten (390–1920) › OR @1920px: kein H-Overflow, Norm sichtbar",FANG-PRODUKT,082597cbc [kette;4c;P=1;specT=0;helperT=0;otherSpecT=1;gruen]
29669397141,2026-07-19,pull_request,300,e2e/leser-breite-a37.e2e.ts,"E6/A37 — kein horizontaler Overflow über die Bildschirmbreiten (390–1920) › OR @390px: kein H-Overflow, Norm sichtbar",FANG-PRODUKT,082597cbc [kette;4c;P=1;specT=0;helperT=0;otherSpecT=1;gruen]
29669397141,2026-07-19,pull_request,300,e2e/leser-breite-a37.e2e.ts,"E6/A37 — kein horizontaler Overflow über die Bildschirmbreiten (390–1920) › OR @768px: kein H-Overflow, Norm sichtbar",FANG-PRODUKT,082597cbc [kette;4c;P=1;specT=0;helperT=0;otherSpecT=1;gruen]
29669397141,2026-07-19,pull_request,300,e2e/leser-gliederung-a33.e2e.ts,"A33 — Ruhige Gliederung (Scroll-Spy / TOC) › A9 — Lese-Scroll unter CPU-Drossel: CLS 0, keine Konsolenfehler",FANG-PRODUKT,082597cbc [kette;4c;P=1;specT=0;helperT=0;otherSpecT=1;gruen]
29669397141,2026-07-19,pull_request,300,e2e/leser-gliederung-a33.e2e.ts,"A33 — Ruhige Gliederung (Scroll-Spy / TOC) › F1 — Lese-Scroll: TOC-Eigenbewegung ≤ Nudge, Highlight folgt",FANG-PRODUKT,082597cbc [kette;4c;P=1;specT=0;helperT=0;otherSpecT=1;gruen]
29669397141,2026-07-19,pull_request,300,e2e/leser-gliederung-a33.e2e.ts,A33 — Ruhige Gliederung (Scroll-Spy / TOC) › F2/V1 — manuelles TOC-Blättern wird nicht zurückgerissen,FANG-PRODUKT,082597cbc [kette;4c;P=1;specT=0;helperT=0;otherSpecT=1;gruen]
29669397141,2026-07-19,pull_request,300,e2e/leser-kopf-a9.e2e.ts,"A9: «Ansicht»-Dropdown + Gliederungs-Sprung flüssig unter CPU-Throttle, CLS 0",FANG-PRODUKT,082597cbc [kette;4c;P=1;specT=0;helperT=0;otherSpecT=1;gruen]
29669397141,2026-07-19,pull_request,300,e2e/leser-lesemass.e2e.ts,"R5 · Lesemass Mobil (≥ 30 ch @ 390, kein H-Overflow) › OR: Lesespalte ≥ 30 ch, kein H-Overflow",FLAKE-RETRY,ff427cf37
29669397141,2026-07-19,pull_request,300,e2e/leser-suche-a35-a40-a41.e2e.ts,A35 — In-Gesetz-Suche in der Kopfzeile + Treffer-Highlight › «Vertrag» im OR wird im Treffertext gehighlighted (CSS Custom Highlight API),FANG-PRODUKT,082597cbc [kette;4c;P=1;specT=0;helperT=0;otherSpecT=1;gruen]
29669397141,2026-07-19,pull_request,300,e2e/norm-sprung.e2e.ts,"Norm-Sprung in der normalen Suchleiste (A5) › «OR 257d» ⇒ Sprung ist oberster Treffer, Enter springt zu #art-257_d (P3)",FANG-PRODUKT,082597cbc [kette;4c;P=1;specT=0;helperT=0;otherSpecT=1;gruen]
29670464258,2026-07-19,pull_request,298,e2e/gesetze-randtitel-6b.e2e.ts,Randtitel-Gruppierungen sind einklappbare Sektions-Knoten (ZGB),FLAKE-RERUN,9bb4a1193 attempt1->3
29670464258,2026-07-19,pull_request,298,e2e/leser-gliederung-a33.e2e.ts,"A33 — Ruhige Gliederung (Scroll-Spy / TOC) › A9 — Lese-Scroll unter CPU-Drossel: CLS 0, keine Konsolenfehler",FLAKE-RERUN,9bb4a1193 attempt1->3
29670464258,2026-07-19,pull_request,298,e2e/leser-gliederung-a33.e2e.ts,"A33 — Ruhige Gliederung (Scroll-Spy / TOC) › F1 — Lese-Scroll: TOC-Eigenbewegung ≤ Nudge, Highlight folgt",FLAKE-GEMERGT-OHNE-FIX,- [kette;0c;P=0;specT=0;helperT=0;otherSpecT=0;gruen]
29670464258,2026-07-19,pull_request,298,e2e/leser-gliederung-a33.e2e.ts,A33 — Ruhige Gliederung (Scroll-Spy / TOC) › F2/V1 — manuelles TOC-Blättern wird nicht zurückgerissen,FLAKE-RERUN,9bb4a1193 attempt1->3
29670464258,2026-07-19,pull_request,298,e2e/leser-kopf-a9.e2e.ts,"A9: «Ansicht»-Dropdown + Gliederungs-Sprung flüssig unter CPU-Throttle, CLS 0",FLAKE-RERUN,9bb4a1193 attempt2->3
29670464258,2026-07-19,pull_request,298,e2e/leser-suche-a35-a40-a41.e2e.ts,A35 — In-Gesetz-Suche in der Kopfzeile + Treffer-Highlight › «Vertrag» im OR wird im Treffertext gehighlighted (CSS Custom Highlight API),FLAKE-RERUN,9bb4a1193 attempt1->3
29670464258,2026-07-19,pull_request,298,e2e/verweis-u.e2e.ts,FN-3 — Präambel-Fussnoten inline (Marker + Kopf-Apparat-Anker) › R9/§8: Marker folgt dem Fussnoten-Toggle (Substanz bleibt im DOM),FLAKE-RERUN,9bb4a1193 attempt1->3
29671299485,2026-07-19,pull_request,301,e2e/leser-gliederung-a33.e2e.ts,"A33 — Ruhige Gliederung (Scroll-Spy / TOC) › A9 — Lese-Scroll unter CPU-Drossel: CLS 0, keine Konsolenfehler",FLAKE-RETRY,5cf949fa1
29671299485,2026-07-19,pull_request,301,e2e/leser-gliederung-a33.e2e.ts,"A33 — Ruhige Gliederung (Scroll-Spy / TOC) › F1 — Lese-Scroll: TOC-Eigenbewegung ≤ Nudge, Highlight folgt",FLAKE-GEMERGT-OHNE-FIX,- [kette;0c;P=0;specT=0;helperT=0;otherSpecT=0;gruen]
29671299485,2026-07-19,pull_request,301,e2e/leser-gliederung-a33.e2e.ts,A33 — Ruhige Gliederung (Scroll-Spy / TOC) › F2/V1 — manuelles TOC-Blättern wird nicht zurückgerissen,FLAKE-GEMERGT-OHNE-FIX,- [kette;0c;P=0;specT=0;helperT=0;otherSpecT=0;gruen]
29671299485,2026-07-19,pull_request,301,e2e/leser-kopf-a9.e2e.ts,"A9: «Ansicht»-Dropdown + Gliederungs-Sprung flüssig unter CPU-Throttle, CLS 0",FLAKE-GEMERGT-OHNE-FIX,- [kette;0c;P=0;specT=0;helperT=0;otherSpecT=0;gruen]
29671351058,2026-07-19,pull_request,300,e2e/leser-gliederung-a33.e2e.ts,"A33 — Ruhige Gliederung (Scroll-Spy / TOC) › F1 — Lese-Scroll: TOC-Eigenbewegung ≤ Nudge, Highlight folgt",FLAKE-GEMERGT-OHNE-FIX,- [kette;0c;P=0;specT=0;helperT=0;otherSpecT=0;gruen]
29671351058,2026-07-19,pull_request,300,e2e/leser-kopf-a9.e2e.ts,"A9: «Ansicht»-Dropdown + Gliederungs-Sprung flüssig unter CPU-Throttle, CLS 0",FLAKE-RETRY,b3cf50d7b
29673428306,2026-07-19,pull_request,302,e2e/norm-sprung.e2e.ts,"Norm-Sprung in der normalen Suchleiste (A5) › A9: Suche tippen/navigieren/springen unter starker CPU-Drossel flüssig, CLS 0",FLAKE-RERUN,b00b9149e attempt1->2
29674200119,2026-07-19,pull_request,298,e2e/leser-gliederung-a33.e2e.ts,"A33 — Ruhige Gliederung (Scroll-Spy / TOC) › F1 — Lese-Scroll: TOC-Eigenbewegung ≤ Nudge, Highlight folgt",FLAKE-RERUN,e5378a3e4 attempt2->5
29674200119,2026-07-19,pull_request,298,e2e/leser-gliederung-a33.e2e.ts,A33 — Ruhige Gliederung (Scroll-Spy / TOC) › F2/V1 — manuelles TOC-Blättern wird nicht zurückgerissen,FLAKE-RERUN,e5378a3e4 attempt2->5
29674200119,2026-07-19,pull_request,298,e2e/leser-suche-a35-a40-a41.e2e.ts,A35 — In-Gesetz-Suche in der Kopfzeile + Treffer-Highlight › «Vertrag» im OR wird im Treffertext gehighlighted (CSS Custom Highlight API),FLAKE-RERUN,e5378a3e4 attempt1->5
29674200119,2026-07-19,pull_request,298,e2e/norm-sprung.e2e.ts,"Norm-Sprung in der normalen Suchleiste (A5) › «OR 257d» ⇒ Sprung ist oberster Treffer, Enter springt zu #art-257_d (P3)",FLAKE-RETRY,e5378a3e4
29687539099,2026-07-19,push,main,e2e/norm-sprung.e2e.ts,"Norm-Sprung in der normalen Suchleiste (A5) › A9: Suche tippen/navigieren/springen unter starker CPU-Drossel flüssig, CLS 0",FLAKE-MAIN,545724c08 [main-push; naechster gruener Push ohne Spec-Aenderung]
29691442054,2026-07-19,pull_request,300,e2e/leser-gliederung-a33.e2e.ts,"A33 — Ruhige Gliederung (Scroll-Spy / TOC) › F1 — Lese-Scroll: TOC-Eigenbewegung ≤ Nudge, Highlight folgt",FLAKE-RERUN,3ef26c2d5 attempt1->2
29691442054,2026-07-19,pull_request,300,e2e/norm-sprung.e2e.ts,"Norm-Sprung in der normalen Suchleiste (A5) › A9: Suche tippen/navigieren/springen unter starker CPU-Drossel flüssig, CLS 0",FLAKE-RERUN,3ef26c2d5 attempt1->2
29693001570,2026-07-19,push,main,e2e/norm-sprung.e2e.ts,"Norm-Sprung in der normalen Suchleiste (A5) › A9: Suche tippen/navigieren/springen unter starker CPU-Drossel flüssig, CLS 0",FLAKE-MAIN,8bc03aef0 [main-push; naechster gruener Push ohne Spec-Aenderung]
29697065113,2026-07-19,pull_request,305,e2e/leser-gliederung-a33.e2e.ts,"A33 — Ruhige Gliederung (Scroll-Spy / TOC) › F1 — Lese-Scroll: TOC-Eigenbewegung ≤ Nudge, Highlight folgt",FLAKE-RERUN,cb506101d attempt3->4
29697065113,2026-07-19,pull_request,305,e2e/leser-gliederung-a33.e2e.ts,A33 — Ruhige Gliederung (Scroll-Spy / TOC) › F2/V1 — manuelles TOC-Blättern wird nicht zurückgerissen,FLAKE-RERUN,cb506101d attempt3->4
29697065113,2026-07-19,pull_request,305,e2e/norm-sprung.e2e.ts,"Norm-Sprung in der normalen Suchleiste (A5) › A9: Suche tippen/navigieren/springen unter starker CPU-Drossel flüssig, CLS 0",FLAKE-GEMERGT-OHNE-FIX,- [kette;0c;P=0;specT=0;helperT=0;otherSpecT=0;gruen]
29697065113,2026-07-19,pull_request,305,e2e/normrevision-badge.e2e.ts,"Normrevisions-Badge im ArtikelLeser (AIG) › (b) Entscheid NACH der Revision → kein Badge (gleich, UI-still)",FLAKE-RETRY,cb506101d
29707427161,2026-07-19,pull_request,306,e2e/leser-gliederung-a33.e2e.ts,"A33 — Ruhige Gliederung (Scroll-Spy / TOC) › F1 — Lese-Scroll: TOC-Eigenbewegung ≤ Nudge, Highlight folgt",FLAKE-GEMERGT-OHNE-FIX,- [kette;0c;P=0;specT=0;helperT=0;otherSpecT=0;gruen]
29707427161,2026-07-19,pull_request,306,e2e/leser-gliederung-a33.e2e.ts,A33 — Ruhige Gliederung (Scroll-Spy / TOC) › F2/V1 — manuelles TOC-Blättern wird nicht zurückgerissen,FLAKE-RERUN,0879bb2e7 attempt1->2
29707427161,2026-07-19,pull_request,306,e2e/norm-sprung.e2e.ts,"Norm-Sprung in der normalen Suchleiste (A5) › A9: Suche tippen/navigieren/springen unter starker CPU-Drossel flüssig, CLS 0",FLAKE-GEMERGT-OHNE-FIX,- [kette;0c;P=0;specT=0;helperT=0;otherSpecT=0;gruen]
29722464598,2026-07-20,pull_request,309,e2e/leser-gliederung-a33.e2e.ts,"A33 — Ruhige Gliederung (Scroll-Spy / TOC) › F1 — Lese-Scroll: TOC-Eigenbewegung ≤ Nudge, Highlight folgt",FLAKE-RERUN,69beade74 attempt1->2
29722464598,2026-07-20,pull_request,309,e2e/leser-gliederung-a33.e2e.ts,A33 — Ruhige Gliederung (Scroll-Spy / TOC) › F2/V1 — manuelles TOC-Blättern wird nicht zurückgerissen,FLAKE-RERUN,69beade74 attempt1->2
29722464598,2026-07-20,pull_request,309,e2e/norm-sprung.e2e.ts,"Norm-Sprung in der normalen Suchleiste (A5) › A9: Suche tippen/navigieren/springen unter starker CPU-Drossel flüssig, CLS 0",FLAKE-RETRY,69beade74
29724589799,2026-07-20,pull_request,305,e2e/leser-suche-a35-a40-a41.e2e.ts,A35 — In-Gesetz-Suche in der Kopfzeile + Treffer-Highlight › «Vertrag» im OR wird im Treffertext gehighlighted (CSS Custom Highlight API),FANG-PRODUKT,c44528650 [kette;3c;P=1;specT=0;helperT=0;otherSpecT=0;gruen]
29724589799,2026-07-20,pull_request,305,e2e/verweis-u.e2e.ts,"A9 — Flüssigkeit unter CPU-Throttle + CLS 0 › Popover-Öffnen + Plural-Sprung gedrosselt (4×) ohne Lag, CLS < 0.05",FLAKE-RETRY,191183d66
29744687036,2026-07-20,pull_request,311,e2e/leser-suche-a35-a40-a41.e2e.ts,A35 — In-Gesetz-Suche in der Kopfzeile + Treffer-Highlight › «Vertrag» im OR wird im Treffertext gehighlighted (CSS Custom Highlight API),FLAKE-RERUN,1f8ba3388 attempt1->2
29757041206,2026-07-20,pull_request,313,e2e/leser-gliederung-a33.e2e.ts,"A33 — Ruhige Gliederung (Scroll-Spy / TOC) › A9 — Lese-Scroll unter CPU-Drossel: CLS 0, keine Konsolenfehler",FLAKE-RERUN,c703e6cf0 attempt1->2
29787400948,2026-07-20,push,main,e2e/leser-suche-a35-a40-a41.e2e.ts,A35 — In-Gesetz-Suche in der Kopfzeile + Treffer-Highlight › «Vertrag» im OR wird im Treffertext gehighlighted (CSS Custom Highlight API),FLAKE-MAIN,7f53e5d61 [main-push; naechster gruener Push ohne Spec-Aenderung]
29792958503,2026-07-21,push,main,e2e/leser-gliederung-a33.e2e.ts,A33 — Ruhige Gliederung (Scroll-Spy / TOC) › F2/V1 — manuelles TOC-Blättern wird nicht zurückgerissen,FLAKE-MAIN,fd299e4ed [main-push; naechster gruener Push ohne Spec-Aenderung]
30097204556,2026-07-24,push,main,e2e/leser-gliederung-a33.e2e.ts,A33 — Ruhige Gliederung (Scroll-Spy / TOC) › F2/V1 — manuelles TOC-Blättern wird nicht zurückgerissen,FLAKE-MAIN,37a7758a7 [main-push; naechster gruener Push ohne Spec-Aenderung]
30099165276,2026-07-24,pull_request,333,e2e/leser-suche-a35-a40-a41.e2e.ts,A35 — In-Gesetz-Suche in der Kopfzeile + Treffer-Highlight › «Vertrag» im OR wird im Treffertext gehighlighted (CSS Custom Highlight API),FLAKE-RERUN,1b5a04a81 attempt1->2
30132692179,2026-07-24,pull_request,347,e2e/gesetze-az-register.e2e.ts,"IA-3 · Perf/CLS + Mobil (§11.6.5/§11.6.9) › CLS 0 unter CPU-Throttle 6× — grösste Klasse «V», Wechsel + Filter",FANG-BAU,e8a40060b [kette;1c;P=1;specT=1;helperT=0;otherSpecT=0;gruen]
30132692179,2026-07-24,pull_request,347,e2e/leser-gliederung-a33.e2e.ts,A33 — Ruhige Gliederung (Scroll-Spy / TOC) › F2/V1 — manuelles TOC-Blättern wird nicht zurückgerissen,FLAKE-RERUN,850170179 attempt1->2
30135493089,2026-07-25,pull_request,347,e2e/leser-gliederung-a33.e2e.ts,A33 — Ruhige Gliederung (Scroll-Spy / TOC) › F2/V1 — manuelles TOC-Blättern wird nicht zurückgerissen,FLAKE-RERUN,e8a40060b attempt1->2
30135995761,2026-07-25,push,main,e2e/leser-gliederung-a33.e2e.ts,A33 — Ruhige Gliederung (Scroll-Spy / TOC) › F2/V1 — manuelles TOC-Blättern wird nicht zurückgerissen,FLAKE-MAIN,15a7eac8b [main-push; naechster gruener Push ohne Spec-Aenderung]
30135995761,2026-07-25,push,main,e2e/norm-sprung.e2e.ts,"Norm-Sprung in der normalen Suchleiste (A5) › A9: Suche tippen/navigieren/springen unter starker CPU-Drossel flüssig, CLS 0",FLAKE-RETRY,f761b2db6
30137256118,2026-07-25,pull_request,349,e2e/gesetze-ux-g3b-anhang.e2e.ts,⑤ LugÜ: «Vorbehalte und Erklärungen» (decl_u2) rendern als abgesetzter data-anhang-Block,FANG-TEST,4b1d1908a [kette;1c;P=0;specT=1;helperT=0;otherSpecT=0;gruen]
30137256118,2026-07-25,pull_request,349,e2e/verzahnung.e2e.ts,"MM4: ★-aria-label textgleich in Reader, Panel, Leitfall-Zeile und Suche; Tooltip fokussier-/klickbar",UNKLAR-NURANDERES,4b1d1908a [kette;1c;P=0;specT=0;helperT=0;otherSpecT=1;gruen]
30140051675,2026-07-25,pull_request,352,e2e/leser-gliederung-a33.e2e.ts,A33 — Ruhige Gliederung (Scroll-Spy / TOC) › F2/V1 — manuelles TOC-Blättern wird nicht zurückgerissen,FLAKE-RERUN,7c4e927d1 attempt1->2
30140511303,2026-07-25,pull_request,353,e2e/leser-suche-a35-a40-a41.e2e.ts,A35 — In-Gesetz-Suche in der Kopfzeile + Treffer-Highlight › «Vertrag» im OR wird im Treffertext gehighlighted (CSS Custom Highlight API),FANG-TEST,85f705147 [kette;1c;P=0;specT=1;helperT=0;otherSpecT=0;gruen]
30140511303,2026-07-25,pull_request,353,e2e/split-view-a34.e2e.ts,A34/Bug2 (≥lg): «Ansicht»-Menü im Split-View bleibt beim Scrollen sichtbar und schaltet,FLAKE-RETRY,214923530
30143613103,2026-07-25,pull_request,354,e2e/leser-gliederung-a33.e2e.ts,A33 — Ruhige Gliederung (Scroll-Spy / TOC) › F2/V1 — manuelles TOC-Blättern wird nicht zurückgerissen,FLAKE-RERUN,595915628 attempt1->2
30152157578,2026-07-25,pull_request,359,e2e/leser-gliederung-a33.e2e.ts,A33 — Ruhige Gliederung (Scroll-Spy / TOC) › F2/V1 — manuelles TOC-Blättern wird nicht zurückgerissen,FANG-TEST,38a249129 [kette;1c;P=0;specT=1;helperT=0;otherSpecT=0;gruen]
30172104329,2026-07-25,pull_request,365,e2e/gesetze-ia-v2-walks.e2e.ts,"IA-1 · Dedup + Ergebnis-Kopfzeile (§11.3 Zeile 10) › Ergebnis-Kopfzeile «n Treffer, davon x Erlasse / y Artikel» ist sichtbar",FANG-PRODUKT,ca25ee361 [kette;2c;P=1;specT=0;helperT=0;otherSpecT=0;gruen]
30172104329,2026-07-25,pull_request,365,e2e/norm-sprung.e2e.ts,"Norm-Sprung in der normalen Suchleiste (A5) › «OR 257d» ⇒ Sprung ist oberster Treffer, Enter springt zu #art-257_d (P3)",FLAKE-RETRY,0c573ae43
30172104329,2026-07-25,pull_request,365,e2e/normrevision-badge.e2e.ts,"Normrevisions-Badge im ArtikelLeser (AIG) › (b) Entscheid NACH der Revision → kein Badge (gleich, UI-still)",FLAKE-RETRY,0c573ae43
30172104329,2026-07-25,pull_request,365,e2e/suche-seite.e2e.ts,"/suche — Volltext-Ergebnisseite (S5) › Deep-Link ?q=Miete: H1 «Suche», Gesetzestext-Gruppe ungekappt (mehr als das Dropdown)",FANG-PRODUKT,ca25ee361 [kette;2c;P=1;specT=0;helperT=0;otherSpecT=0;gruen]
30172104329,2026-07-25,pull_request,365,e2e/suche-seite.e2e.ts,/suche — Volltext-Ergebnisseite (S5) › Header-Dropdown verlinkt «alle N →» auf /suche (Gesetzestext-Gruppe),FANG-PRODUKT,ca25ee361 [kette;2c;P=1;specT=0;helperT=0;otherSpecT=0;gruen]
30173098855,2026-07-25,pull_request,365,e2e/gesetze-ia-v2-walks.e2e.ts,"IA-1 · Dedup + Ergebnis-Kopfzeile (§11.3 Zeile 10) › Ergebnis-Kopfzeile «n Treffer, davon x Erlasse / y Artikel» ist sichtbar",FANG-PRODUKT,ca25ee361 [kette;1c;P=1;specT=0;helperT=0;otherSpecT=0;gruen]
30173098855,2026-07-25,pull_request,365,e2e/suche-seite.e2e.ts,"/suche — Volltext-Ergebnisseite (S5) › Deep-Link ?q=Miete: H1 «Suche», Gesetzestext-Gruppe ungekappt (mehr als das Dropdown)",FANG-PRODUKT,ca25ee361 [kette;1c;P=1;specT=0;helperT=0;otherSpecT=0;gruen]
30173098855,2026-07-25,pull_request,365,e2e/suche-seite.e2e.ts,/suche — Volltext-Ergebnisseite (S5) › Header-Dropdown verlinkt «alle N →» auf /suche (Gesetzestext-Gruppe),FANG-PRODUKT,ca25ee361 [kette;1c;P=1;specT=0;helperT=0;otherSpecT=0;gruen]
30209953784,2026-07-26,pull_request,377,e2e/gesetze-ia-v2-walks.e2e.ts,"IA-1 · Dedup + Ergebnis-Kopfzeile (§11.3 Zeile 10) › Ergebnis-Kopfzeile «n Treffer, davon x Erlasse / y Artikel» ist sichtbar",FLAKE-RERUN,c5acce1b3 attempt1->2
30210814918,2026-07-26,pull_request,378,e2e/gesetze-ux-9punkte.e2e.ts,Gesetze-UX 9 Punkte › Screenshots Desktop hell + dunkel,UNKLAR-NURANDERES,fbebe8516 [kette;1c;P=0;specT=0;helperT=0;otherSpecT=0;gruen]
30213927546,2026-07-26,push,main,e2e/leser-kopf-a9.e2e.ts,"A9: «Ansicht»-Dropdown + Gliederungs-Sprung flüssig unter CPU-Throttle, CLS 0",FLAKE-RERUN,65e927144 attempt1->2
30216381412,2026-07-26,pull_request,382,e2e/norm-sprung.e2e.ts,"Norm-Sprung in der normalen Suchleiste (A5) › A9: Suche tippen/navigieren/springen unter starker CPU-Drossel flüssig, CLS 0",FANG-TEST,8e40ad722 [kette;2c;P=0;specT=1;helperT=0;otherSpecT=0;gruen]
30243576760,2026-07-27,push,main,e2e/gesetze-ux-9punkte.e2e.ts,Gesetze-UX 9 Punkte › Screenshots Desktop hell + dunkel,FLAKE-MAIN,9ac296f72 [main-push; naechster gruener Push ohne Spec-Aenderung]
30256830380,2026-07-27,pull_request,383,e2e/gesetze-ux-9punkte.e2e.ts,Gesetze-UX 9 Punkte › Screenshots Desktop hell + dunkel,FLAKE-RERUN,cda9eee73 attempt1->2
30281488074,2026-07-27,pull_request,392,e2e/leser-suche-a35-a40-a41.e2e.ts,A35 — In-Gesetz-Suche in der Kopfzeile + Treffer-Highlight › «Vertrag» im OR wird im Treffertext gehighlighted (CSS Custom Highlight API),FANG-PRODUKT,68dd2b6e9 [kette;2c;P=1;specT=0;helperT=0;otherSpecT=0;gruen]
30327832589,2026-07-28,pull_request,397,e2e/leitfaelle-chips.e2e.ts,Leitfälle-Chips im ArtikelLeser (OR) › (a) Artikel MIT Leitfällen zeigt die Chips + Entscheid-Link,FANG-TEST,803ceca2d [kette;1c;P=0;specT=1;helperT=0;otherSpecT=0;gruen]
30327832589,2026-07-28,pull_request,397,e2e/leitfaelle-chips.e2e.ts,Leitfälle-Chips im ArtikelLeser (OR) › (b) Artikel OHNE Leitfälle rendert KEINE leere Zeile,FANG-TEST,803ceca2d [kette;1c;P=0;specT=1;helperT=0;otherSpecT=0;gruen]
30365813595,2026-07-28,pull_request,401,e2e/gesetze-ux-9punkte.e2e.ts,Gesetze-UX 9 Punkte › Screenshots Desktop hell + dunkel,FLAKE-RERUN,e9057fd4c attempt1->2
30376736634,2026-07-28,pull_request,401,e2e/leser-suche-a35-a40-a41.e2e.ts,A35 — In-Gesetz-Suche in der Kopfzeile + Treffer-Highlight › «Vertrag» im OR wird im Treffertext gehighlighted (CSS Custom Highlight API),FLAKE-RERUN,505c1c221 attempt1->2
30387884073,2026-07-28,pull_request,403,e2e/leser-kopf-v2.e2e.ts,"B-1: «Entscheide»-Schalter blendet die Leitfall-Zeilen aus (data-leitfaelle, kein Re-Render)",FANG-GEMISCHT,5a92d2f4a [kette;1c;P=1;specT=1;helperT=0;otherSpecT=1;gruen]
30387884073,2026-07-28,pull_request,403,e2e/normrevision-badge.e2e.ts,"Normrevisions-Badge im ArtikelLeser (AIG) › (b) Entscheid NACH der Revision → kein Badge (gleich, UI-still)",FANG-GEMISCHT,5a92d2f4a [kette;1c;P=1;specT=1;helperT=0;otherSpecT=1;gruen]
30387884073,2026-07-28,pull_request,403,e2e/verzahnung.e2e.ts,"MM4: ★-aria-label textgleich in Reader, Panel, Leitfall-Zeile und Suche; Tooltip fokussier-/klickbar",FANG-GEMISCHT,5a92d2f4a [kette;1c;P=1;specT=1;helperT=0;otherSpecT=1;gruen]
30438771847,2026-07-29,pull_request,406,e2e/bezuege-facetten-b4.e2e.ts,B4 · Facetten-Filter der Bezüge › Grundzustand: die Leitentscheid-Auflistung steht direkt unter dem Artikel,FANG-GEMISCHT,2046bbeec [kette;1c;P=1;specT=1;helperT=0;otherSpecT=1;gruen]
30438771847,2026-07-29,pull_request,406,e2e/bezuege-facetten-b4.e2e.ts,"B4 · Facetten-Filter der Bezüge › Kantonal zuschalten: Shard lädt nach, Zeile erscheint mit ehrlicher Grundgesamtheit",FANG-GEMISCHT,2046bbeec [kette;1c;P=1;specT=1;helperT=0;otherSpecT=1;gruen]
30438771847,2026-07-29,pull_request,406,e2e/bezuege-zeitstrahl-b5.e2e.ts,B5 · Zeitstrahl und Von-Bis-Datum › B4-Sackgasse: «Entscheide aus» nennt keinen toten Schalter und hat einen Ausweg,FANG-GEMISCHT,2046bbeec [kette;1c;P=1;specT=1;helperT=0;otherSpecT=1;gruen]
30438771847,2026-07-29,pull_request,406,e2e/bezuege-zeitstrahl-b5.e2e.ts,B5 · Zeitstrahl und Von-Bis-Datum › Datumsfeld «von» schneidet die Auflistung — der Zähler bleibt ehrlich (§8),FANG-GEMISCHT,2046bbeec [kette;1c;P=1;specT=1;helperT=0;otherSpecT=1;gruen]
30438771847,2026-07-29,pull_request,406,e2e/bezuege-zeitstrahl-b5.e2e.ts,"B5 · Zeitstrahl und Von-Bis-Datum › Grundzustand: Strahl da, Zeitraum offen, Auflistung ungeschnitten",FANG-GEMISCHT,2046bbeec [kette;1c;P=1;specT=1;helperT=0;otherSpecT=1;gruen]
30438771847,2026-07-29,pull_request,406,e2e/bezuege-zeitstrahl-b5.e2e.ts,B5 · Zeitstrahl und Von-Bis-Datum › MIGRATION: «alle» bleibt offen — keine erfundene Einschränkung,FANG-GEMISCHT,2046bbeec [kette;1c;P=1;specT=1;helperT=0;otherSpecT=1;gruen]
30438771847,2026-07-29,pull_request,406,e2e/bezuege-zeitstrahl-b5.e2e.ts,B5 · Zeitstrahl und Von-Bis-Datum › Zurücksetzen hebt den Zeitraum auf,FANG-GEMISCHT,2046bbeec [kette;1c;P=1;specT=1;helperT=0;otherSpecT=1;gruen]
30438771847,2026-07-29,pull_request,406,e2e/bezuege-zeitstrahl-b5.e2e.ts,"B5 · Zeitstrahl und Von-Bis-Datum › ein Zug über den GANZEN Strahl heisst «alle», nicht «die heutigen Ränder»",FANG-GEMISCHT,2046bbeec [kette;1c;P=1;specT=1;helperT=0;otherSpecT=1;gruen]
30438771847,2026-07-29,pull_request,406,e2e/leitfaelle-chips.e2e.ts,Rechtsprechungs-Auflistung im ArtikelLeser (OR) › (a) Artikel MIT Entscheiden zeigt die Auflistung + Entscheid-Link,FANG-GEMISCHT,2046bbeec [kette;1c;P=1;specT=1;helperT=0;otherSpecT=1;gruen]
30442915992,2026-07-29,pull_request,406,e2e/leitfaelle-chips.e2e.ts,Rechtsprechungs-Auflistung im ArtikelLeser (OR) › (a) Artikel MIT Entscheiden zeigt die Auflistung + Entscheid-Link,FANG-TEST,8148111c6 [kette;1c;P=0;specT=1;helperT=0;otherSpecT=0;gruen]
30661111287,2026-07-31,pull_request,407,e2e/leser-suche-a35-a40-a41.e2e.ts,A35 — In-Gesetz-Suche in der Kopfzeile + Treffer-Highlight › «Vertrag» im OR wird im Treffertext gehighlighted (CSS Custom Highlight API),FLAKE-RERUN,e745d5ec9 attempt1->2
30769768401,2026-08-02,pull_request,410,e2e/leser-suche-a35-a40-a41.e2e.ts,A35 — In-Gesetz-Suche in der Kopfzeile + Treffer-Highlight › «Vertrag» im OR wird im Treffertext gehighlighted (CSS Custom Highlight API),FLAKE-RERUN,e8f9d7db9 attempt1->2
30774586980,2026-08-03,push,main,e2e/gesetze-ux-9punkte.e2e.ts,Gesetze-UX 9 Punkte › Screenshots Desktop hell + dunkel,FLAKE-MAIN,accbf09d6 [main-push; naechster gruener Push ohne Spec-Aenderung]
30832252309,2026-08-03,pull_request,419,e2e/leser-suche-a35-a40-a41.e2e.ts,A35 — In-Gesetz-Suche in der Kopfzeile + Treffer-Highlight › «Vertrag» im OR wird im Treffertext gehighlighted (CSS Custom Highlight API),FLAKE-RERUN,a42cb1381 attempt1->2
30836806866,2026-08-03,pull_request,420,e2e/gesetze-ux-9punkte.e2e.ts,Gesetze-UX 9 Punkte › Screenshots Desktop hell + dunkel,FLAKE-RERUN,212e22609 attempt1->2
30836806866,2026-08-03,pull_request,420,e2e/leser-suche-a35-a40-a41.e2e.ts,A35 — In-Gesetz-Suche in der Kopfzeile + Treffer-Highlight › «Vertrag» im OR wird im Treffertext gehighlighted (CSS Custom Highlight API),FLAKE-RERUN,212e22609 attempt1->2
30859927774,2026-08-03,pull_request,429,e2e/suche-seite.e2e.ts,"/suche — Volltext-Ergebnisseite (S5) › Deep-Link ?q=Miete: H1 «Suche», Gesetzestext-Gruppe ungekappt (mehr als das Dropdown)",FLAKE-RERUN,13da57add attempt1->2
30862485462,2026-08-03,pull_request,431,e2e/leser-ruecksprung-r5-r7.e2e.ts,"R7 — Deep-Link-Skeleton › Toter Anker: Overlay gibt auf, sobald der Reader steht — kein 6-s-Schleier",FANG-BAU,4b7ef9333 [kette;1c;P=0;specT=1;helperT=0;otherSpecT=0;gruen]
30863248098,2026-08-03,pull_request,434,e2e/druck-fundstellen-z2.e2e.ts,Z2 · Druck der Fundstelle › Leser-Spalten werden im Ausdruck nicht abgeschnitten,FANG-BAU,d027752af [zeit;1c;P=1;specT=1;helperT=1;otherSpecT=1;gruen]
30867800070,2026-08-04,pull_request,431,e2e/leser-ruecksprung-r5-r7.e2e.ts,"A9 — Chip: Tastatur/aria/Tap-Ziel, und der TOC-Sprung bleibt unter 6× Drossel CLS-frei",FANG-BAU,2912c15fd [kette;2c;P=1;specT=1;helperT=0;otherSpecT=0;gruen]
30867800070,2026-08-04,pull_request,431,e2e/leser-ruecksprung-r5-r7.e2e.ts,R7 — Deep-Link-Skeleton › Einsprung über #art-… zeigt die Zielansage statt des Dokumentanfangs,FLAKE-RETRY,39b6e005d
30867800070,2026-08-04,pull_request,431,e2e/leser-ruecksprung-r5-r7.e2e.ts,"R7 — Deep-Link-Skeleton › Toter Anker: Overlay gibt auf, sobald der Reader steht — kein 6-s-Schleier",FLAKE-RETRY,39b6e005d
30870125582,2026-08-04,pull_request,431,e2e/leser-kopf-a9.e2e.ts,"A9: «Ansicht»-Dropdown + Gliederungs-Sprung flüssig unter CPU-Throttle, CLS 0",FANG-PRODUKT,f6e38e5b3 [kette;1c;P=1;specT=0;helperT=0;otherSpecT=1;gruen]
30870125582,2026-08-04,pull_request,431,e2e/leser-ruecksprung-r5-r7.e2e.ts,"A9 — Chip: Tastatur/aria/Tap-Ziel, und der TOC-Sprung bleibt unter 6× Drossel CLS-frei",FANG-BAU,f6e38e5b3 [kette;1c;P=1;specT=1;helperT=0;otherSpecT=0;gruen]
30872047161,2026-08-04,push,main,e2e/druck-fundstellen-z2.e2e.ts,Z2 · Druck der Fundstelle › Leser-Spalten werden im Ausdruck nicht abgeschnitten,FLAKE-MAIN,91e89f8a5 [main-push; naechster gruener Push ohne Spec-Aenderung]
30874950028,2026-08-04,pull_request,436,e2e/druck-fundstellen-z2.e2e.ts,Z2 · Druck der Fundstelle › Leser-Spalten werden im Ausdruck nicht abgeschnitten,FLAKE-GEMERGT-OHNE-FIX,- [kette;0c;P=0;specT=0;helperT=0;otherSpecT=0;gruen]
30876837564,2026-08-04,pull_request,437,e2e/leser-adresse-lm202.e2e.ts,"A9 — Teilen-Knopf: Tastatur/aria/Tap-Ziel, Scroll + Teilen unter 6× Drossel ohne CLS",FANG-BAU,227809687 [kette;3c;P=1;specT=1;helperT=0;otherSpecT=0;gruen]
30876837564,2026-08-04,pull_request,437,e2e/leser-adresse-lm202.e2e.ts,"LM-202 — Scroll schreibt nie in die Adresse › 15 Scroll-Schritte durch das OR: URL byte-identisch, kein Verlaufseintrag",FANG-BAU,227809687 [kette;3c;P=1;specT=1;helperT=0;otherSpecT=0;gruen]
30876837564,2026-08-04,pull_request,437,e2e/leser-kopf-a9.e2e.ts,"A9: «Ansicht»-Dropdown + Gliederungs-Sprung flüssig unter CPU-Throttle, CLS 0",FANG-PRODUKT,227809687 [kette;1c;P=1;specT=0;helperT=0;otherSpecT=1;gruen]
30878506992,2026-08-04,pull_request,437,e2e/leser-adresse-lm202.e2e.ts,"A9 — Teilen-Knopf: Tastatur/aria/Tap-Ziel, Scroll + Teilen unter 6× Drossel ohne CLS",FANG-BAU,a4400d8eb [kette;2c;P=0;specT=1;helperT=0;otherSpecT=0;gruen]
30879531676,2026-08-04,pull_request,437,e2e/leser-adresse-lm202.e2e.ts,"LM-202 — Scroll schreibt nie in die Adresse › 15 Scroll-Schritte durch das OR: URL byte-identisch, kein Verlaufseintrag",FANG-BAU,a4400d8eb [kette;1c;P=0;specT=1;helperT=0;otherSpecT=0;gruen]
30879531676,2026-08-04,pull_request,437,e2e/leser-adresse-lm202.e2e.ts,LM-202 — Teilen im Split-View (B1) › primäres Pane: Teilen zieht die Haupt-Adresse mit,FANG-BAU,a4400d8eb [kette;1c;P=0;specT=1;helperT=0;otherSpecT=0;gruen]
30881938268,2026-08-04,push,main,e2e/druck-fundstellen-z2.e2e.ts,Z2 · Druck der Fundstelle › Leser-Spalten werden im Ausdruck nicht abgeschnitten,FLAKE-MAIN,c06656ad7 [main-push; naechster gruener Push ohne Spec-Aenderung]
30892376205,2026-08-04,push,main,e2e/druck-fundstellen-z2.e2e.ts,Z2 · Druck der Fundstelle › Leser-Spalten werden im Ausdruck nicht abgeschnitten,FLAKE-MAIN,465975433 [main-push; naechster gruener Push ohne Spec-Aenderung]
30916662041,2026-08-04,push,main,e2e/druck-fundstellen-z2.e2e.ts,Z2 · Druck der Fundstelle › Leser-Spalten werden im Ausdruck nicht abgeschnitten,FLAKE-MAIN,944be1020 [main-push; naechster gruener Push ohne Spec-Aenderung]
30928422530,2026-08-04,pull_request,445,e2e/druck-fundstellen-z2.e2e.ts,Z2 · Druck der Fundstelle › Leser-Spalten werden im Ausdruck nicht abgeschnitten,FLAKE-RERUN,d52d44d26 attempt1->2
30940044102,2026-08-04,pull_request,456,e2e/druck-fundstellen-z2.e2e.ts,Z2 · Druck der Fundstelle › Leser-Spalten werden im Ausdruck nicht abgeschnitten,FLAKE-RERUN,2be176e1e attempt1->2
30940044102,2026-08-04,pull_request,456,e2e/leser-ruecksprung-r5-r7.e2e.ts,"R7 — Deep-Link-Skeleton › Toter Anker: Overlay gibt auf, sobald der Reader steht — kein 6-s-Schleier",FLAKE-RETRY,2be176e1e
30944712271,2026-08-04,pull_request,449,e2e/druck-fundstellen-z2.e2e.ts,Z2 · Druck der Fundstelle › Leser-Spalten werden im Ausdruck nicht abgeschnitten,FLAKE-RERUN,df7b6b99b attempt1->2
30946073904,2026-08-04,push,main,e2e/druck-fundstellen-z2.e2e.ts,Z2 · Druck der Fundstelle › Leser-Spalten werden im Ausdruck nicht abgeschnitten,FLAKE-MAIN,6bc02bab6 [main-push; naechster gruener Push ohne Spec-Aenderung]
30955861119,2026-08-04,pull_request,454,e2e/druck-fundstellen-z2.e2e.ts,Z2 · Druck der Fundstelle › Leser-Spalten werden im Ausdruck nicht abgeschnitten,FLAKE-RERUN,fccb9cfac attempt1->2
30957880170,2026-08-04,push,main,e2e/druck-fundstellen-z2.e2e.ts,Z2 · Druck der Fundstelle › Leser-Spalten werden im Ausdruck nicht abgeschnitten,FLAKE-MAIN,a1a3fc8ba [main-push; naechster gruener Push ohne Spec-Aenderung]
31000841868,2026-08-05,pull_request,458,e2e/druck-fundstellen-z2.e2e.ts,Z2 · Druck der Fundstelle › Leser-Spalten werden im Ausdruck nicht abgeschnitten,FLAKE-RERUN,27a30a3f3 attempt2->3
31018007056,2026-08-05,push,main,e2e/druck-fundstellen-z2.e2e.ts,Z2 · Druck der Fundstelle › Leser-Spalten werden im Ausdruck nicht abgeschnitten,FLAKE-MAIN,fd9085172 [main-push; naechster gruener Push ohne Spec-Aenderung]
31018007056,2026-08-05,push,main,e2e/leser-ruecksprung-r5-r7.e2e.ts,"R7 — Deep-Link-Skeleton › Toter Anker: Overlay gibt auf, sobald der Reader steht — kein 6-s-Schleier",FLAKE-RETRY,e302c7d67
31022643416,2026-08-05,push,main,e2e/leser-ruecksprung-r5-r7.e2e.ts,"A9 — Chip: Tastatur/aria/Tap-Ziel, und der TOC-Sprung bleibt unter 6× Drossel CLS-frei",FANG-GEMISCHT,21fe94fc0 [main-push; spec im Fenster angefasst]
31022643416,2026-08-05,push,main,e2e/leser-ruecksprung-r5-r7.e2e.ts,"R5 — Rücksprung-Chip › Chip verfällt von selbst — und ein Sprung, der nichts bewegt, erzeugt keinen neuen",FANG-GEMISCHT,21fe94fc0 [main-push; spec im Fenster angefasst]
31022643416,2026-08-05,push,main,e2e/leser-ruecksprung-r5-r7.e2e.ts,R5 — Rücksprung-Chip › TOC-Sprung ⇒ Chip nennt die verlassene Stelle und führt exakt dorthin zurück,FANG-GEMISCHT,21fe94fc0 [main-push; spec im Fenster angefasst]
31022643416,2026-08-05,push,main,e2e/leser-ruecksprung-r5-r7.e2e.ts,R5 — Rücksprung-Chip › Zweiter Sprung kurz vor Ablauf des ersten Chips bekommt trotzdem einen,FANG-GEMISCHT,21fe94fc0 [main-push; spec im Fenster angefasst]
31190590812,2026-08-07,pull_request,459,e2e/leser-ruecksprung-r5-r7.e2e.ts,"A9 — Chip: Tastatur/aria/Tap-Ziel, und der TOC-Sprung bleibt unter 6× Drossel CLS-frei",FLAKE-RERUN,7e4f0154d attempt1->2
31190590812,2026-08-07,pull_request,459,e2e/leser-ruecksprung-r5-r7.e2e.ts,"R5 — Rücksprung-Chip › Chip verfällt von selbst — und ein Sprung, der nichts bewegt, erzeugt keinen neuen",FLAKE-RERUN,7e4f0154d attempt1->2
31190590812,2026-08-07,pull_request,459,e2e/leser-ruecksprung-r5-r7.e2e.ts,R5 — Rücksprung-Chip › TOC-Sprung ⇒ Chip nennt die verlassene Stelle und führt exakt dorthin zurück,FLAKE-RERUN,7e4f0154d attempt1->2
31190590812,2026-08-07,pull_request,459,e2e/leser-ruecksprung-r5-r7.e2e.ts,R5 — Rücksprung-Chip › Zweiter Sprung kurz vor Ablauf des ersten Chips bekommt trotzdem einen,FLAKE-RERUN,7e4f0154d attempt1->2
31204889639,2026-08-07,pull_request,461,e2e/druck-fundstellen-z2.e2e.ts,Z2 · Druck der Fundstelle › Leser-Spalten werden im Ausdruck nicht abgeschnitten,FANG-TEST,e56fbbb69 [kette;1c;P=0;specT=1;helperT=0;otherSpecT=0;gruen]
31291220204,2026-08-09,pull_request,479,e2e/leser-kontext-e4.e2e.ts,S7/B1: Werkzeug-Sprung ohne Verlaufseintrag und ohne den #art-Deeplink zu zerstören,FANG-GEMISCHT,c113ea955 [kette;1c;P=1;specT=1;helperT=0;otherSpecT=0;gruen]
31291220204,2026-08-09,pull_request,479,e2e/leser-kontext-e4.e2e.ts,S7: Artikel-Kontext wechselt beim Lesen den Inhalt — Höhe und CLS bleiben,FANG-GEMISCHT,c113ea955 [kette;1c;P=1;specT=1;helperT=0;otherSpecT=0;gruen]
31291220204,2026-08-09,pull_request,479,e2e/leser-weiterlesen-r4-r8.e2e.ts,"R8: j/k gehen Artikel vor/zurück, «?» öffnet die Übersicht, Escape gibt den Fokus zurück",FLAKE-RETRY,c10a225ed
31291220204,2026-08-09,pull_request,479,e2e/qsui-hierarchie.e2e.ts,Verdikt zuerst · Vorlagen — Desktop › /vorlagen/gmbh-gruendung,FLAKE-RETRY,c10a225ed
31291220204,2026-08-09,pull_request,479,e2e/qsui-hierarchie.e2e.ts,Verdikt zuerst · Vorlagen — Mobil › /vorlagen/arbeitsvertrag,FLAKE-RETRY,c10a225ed
31291220204,2026-08-09,pull_request,479,e2e/qsui-hierarchie.e2e.ts,Verdikt zuerst · Vorlagen — Mobil › /vorlagen/kapitalerhoehung,FLAKE-RETRY,c10a225ed
31291220204,2026-08-09,pull_request,479,e2e/qsui-hierarchie.e2e.ts,Verdikt zuerst · Vorlagen — Mobil › /vorlagen/mahnung,FLAKE-RETRY,c10a225ed
31291220204,2026-08-09,pull_request,479,e2e/qsui-hierarchie.e2e.ts,Verdikt zuerst · Vorlagen — Mobil › /vorlagen/schlichtungsgesuch-bs,FLAKE-RETRY,c10a225ed
31291220204,2026-08-09,pull_request,479,e2e/qsui-hierarchie.e2e.ts,Verdikt zuerst · Vorlagen — Mobil › /vorlagen/verjaehrungsverzicht,FLAKE-RETRY,c10a225ed
31721564029,2026-08-13,pull_request,486,e2e/leser-ruecksprung-r5-r7.e2e.ts,"A9 — Chip: Tastatur/aria/Tap-Ziel, und der TOC-Sprung bleibt unter 6× Drossel CLS-frei",FANG-PRODUKT,dd13a3160 [kette;1c;P=1;specT=0;helperT=0;otherSpecT=0;gruen]
31850874078,2026-08-14,pull_request,502,e2e/a11y.e2e.ts,Dunkel — Startseite mit offener Universal-Suche ─────────────,OFFEN-PR-GESCHLOSSEN,- [kette;0c;P=0;specT=0;helperT=0;otherSpecT=0;nogruen]
31850874078,2026-08-14,pull_request,502,e2e/a11y.e2e.ts,Dunkel — Startseite ─────────────────────────────────────────,OFFEN-PR-GESCHLOSSEN,- [kette;0c;P=0;specT=0;helperT=0;otherSpecT=0;nogruen]
31850874078,2026-08-14,pull_request,502,e2e/gesetze-ux-9punkte.e2e.ts,Gesetze-UX 9 Punkte › P9: Gliederung markiert aktive Sektion beim Scrollen (Scroll-Spy),FLAKE-RETRY,afeaee535
31850874078,2026-08-14,pull_request,502,e2e/gesetze-ux-9punkte.e2e.ts,Gesetze-UX 9 Punkte › Screenshots Desktop hell + dunkel,OFFEN-PR-GESCHLOSSEN,- [kette;0c;P=0;specT=0;helperT=0;otherSpecT=0;gruen]
31853262431,2026-08-15,pull_request,502,e2e/a11y.e2e.ts,Dunkel — Startseite mit offener Universal-Suche ─────────────,OFFEN-PR-GESCHLOSSEN,- [kette;0c;P=0;specT=0;helperT=0;otherSpecT=0;nogruen]
31853262431,2026-08-15,pull_request,502,e2e/a11y.e2e.ts,Dunkel — Startseite ─────────────────────────────────────────,OFFEN-PR-GESCHLOSSEN,- [kette;0c;P=0;specT=0;helperT=0;otherSpecT=0;nogruen]
31872873024,2026-08-15,pull_request,502,e2e/a11y.e2e.ts,Dunkel — Startseite mit offener Universal-Suche ─────────────,OFFEN-PR-GESCHLOSSEN,- [kette;0c;P=0;specT=0;helperT=0;otherSpecT=0;nogruen]
31872873024,2026-08-15,pull_request,502,e2e/a11y.e2e.ts,Dunkel — Startseite ─────────────────────────────────────────,OFFEN-PR-GESCHLOSSEN,- [kette;0c;P=0;specT=0;helperT=0;otherSpecT=0;nogruen]
31872873024,2026-08-15,pull_request,502,e2e/gesetze-ux-9punkte.e2e.ts,Gesetze-UX 9 Punkte › P4: Gliederung/Randtitel steht VOR der Artikelnummer (Fedlex-Reihenfolge),OFFEN-PR-GESCHLOSSEN,- [kette;0c;P=0;specT=0;helperT=0;otherSpecT=0;nogruen]
31872873024,2026-08-15,pull_request,502,e2e/gesetze-ux-9punkte.e2e.ts,Gesetze-UX 9 Punkte › P9: Gliederung markiert aktive Sektion beim Scrollen (Scroll-Spy),FLAKE-RETRY,578762c88
31872873024,2026-08-15,pull_request,502,e2e/gesetze-ux-9punkte.e2e.ts,Gesetze-UX 9 Punkte › Screenshots Desktop hell + dunkel,OFFEN-PR-GESCHLOSSEN,- [kette;0c;P=0;specT=0;helperT=0;otherSpecT=0;nogruen]
31875216819,2026-08-15,pull_request,510,e2e/a11y.e2e.ts,Dunkel — Startseite mit offener Universal-Suche ─────────────,OFFEN-PR-GESCHLOSSEN,- [kette;0c;P=0;specT=0;helperT=0;otherSpecT=0;nogruen]
31875216819,2026-08-15,pull_request,510,e2e/a11y.e2e.ts,Dunkel — Startseite ─────────────────────────────────────────,OFFEN-PR-GESCHLOSSEN,- [kette;0c;P=0;specT=0;helperT=0;otherSpecT=0;nogruen]
31875216819,2026-08-15,pull_request,510,e2e/gesetze-ux-9punkte.e2e.ts,"Gesetze-UX 9 Punkte › P3/B: Reiter-Übersicht im Header, gruppiert (Gesetze→Bund)",FLAKE-RETRY,58dcea038
31875216819,2026-08-15,pull_request,510,e2e/gesetze-ux-9punkte.e2e.ts,Gesetze-UX 9 Punkte › Screenshots Desktop hell + dunkel,OFFEN-PR-GESCHLOSSEN,- [kette;0c;P=0;specT=0;helperT=0;otherSpecT=0;nogruen]
31875840196,2026-08-15,pull_request,510,e2e/a11y.e2e.ts,Dunkel — Startseite mit offener Universal-Suche ─────────────,OFFEN-PR-GESCHLOSSEN,- [kette;0c;P=0;specT=0;helperT=0;otherSpecT=0;nogruen]
31875840196,2026-08-15,pull_request,510,e2e/a11y.e2e.ts,Dunkel — Startseite ─────────────────────────────────────────,OFFEN-PR-GESCHLOSSEN,- [kette;0c;P=0;specT=0;helperT=0;otherSpecT=0;nogruen]
31875840196,2026-08-15,pull_request,510,e2e/gesetze-ux-9punkte.e2e.ts,"Gesetze-UX 9 Punkte › Einklappen analog Fedlex: Artikel-Body klappt zu, Nummer bleibt; Randtitel-Sektionskopf bleibt",FLAKE-RETRY,adca68a5a
31875840196,2026-08-15,pull_request,510,e2e/gesetze-ux-9punkte.e2e.ts,Gesetze-UX 9 Punkte › P4: Gliederung/Randtitel steht VOR der Artikelnummer (Fedlex-Reihenfolge),OFFEN-PR-GESCHLOSSEN,- [kette;0c;P=0;specT=0;helperT=0;otherSpecT=0;nogruen]
31875840196,2026-08-15,pull_request,510,e2e/gesetze-ux-9punkte.e2e.ts,Gesetze-UX 9 Punkte › P9: Gliederung markiert aktive Sektion beim Scrollen (Scroll-Spy),FLAKE-RETRY,adca68a5a
31875840196,2026-08-15,pull_request,510,e2e/gesetze-ux-9punkte.e2e.ts,Gesetze-UX 9 Punkte › Such-Bug: Suchleiste bleibt nach Aktivieren im Bild (nicht nach oben raus),FLAKE-RETRY,adca68a5a
31876431416,2026-08-15,pull_request,510,e2e/a11y.e2e.ts,Dunkel — Startseite mit offener Universal-Suche ─────────────,OFFEN-PR-GESCHLOSSEN,- [kette;0c;P=0;specT=0;helperT=0;otherSpecT=0;nogruen]
31876431416,2026-08-15,pull_request,510,e2e/a11y.e2e.ts,Dunkel — Startseite ─────────────────────────────────────────,OFFEN-PR-GESCHLOSSEN,- [kette;0c;P=0;specT=0;helperT=0;otherSpecT=0;nogruen]
31876431416,2026-08-15,pull_request,510,e2e/gesetze-ux-9punkte.e2e.ts,Gesetze-UX 9 Punkte › P9: Gliederung markiert aktive Sektion beim Scrollen (Scroll-Spy),OFFEN-PR-GESCHLOSSEN,- [kette;0c;P=0;specT=0;helperT=0;otherSpecT=0;nogruen]
31876431416,2026-08-15,pull_request,510,e2e/gesetze-ux-9punkte.e2e.ts,Gesetze-UX 9 Punkte › Such-Bug: Suchleiste bleibt nach Aktivieren im Bild (nicht nach oben raus),OFFEN-PR-GESCHLOSSEN,- [kette;0c;P=0;specT=0;helperT=0;otherSpecT=0;nogruen]
31876431416,2026-08-15,pull_request,510,e2e/tastatur.e2e.ts,«/» fokussiert die Suche (Tastatur-Shortcut) ───────────,FLAKE-RETRY,3de043b00
31876431416,2026-08-15,pull_request,510,e2e/tastatur.e2e.ts,"⌘K/Ctrl-K und «/» koexistieren: beide fokussieren die HeaderSuche, kein Overlay",FLAKE-RETRY,3de043b00
31876431416,2026-08-15,pull_request,510,e2e/verweis-u.e2e.ts,FN-3 — Präambel-Fussnoten inline (Marker + Kopf-Apparat-Anker) › OR-Ingress: Marker 1 verlinkt auf Kopf-Apparat #fn-kopf-1,OFFEN-PR-GESCHLOSSEN,- [kette;0c;P=0;specT=0;helperT=0;otherSpecT=0;nogruen]
31876431416,2026-08-15,pull_request,510,e2e/verweis-u.e2e.ts,FN-3 — Präambel-Fussnoten inline (Marker + Kopf-Apparat-Anker) › R9/§8: Marker folgt dem Fussnoten-Toggle (Substanz bleibt im DOM),FLAKE-RETRY,3de043b00
31891051052,2026-08-15,pull_request,525,e2e/a11y.e2e.ts,Dunkel — Startseite mit offener Universal-Suche ─────────────,UNKLAR-NURANDERES,6c0f716a9 [zeit;1c;P=0;specT=0;helperT=0;otherSpecT=0;gruen]
31891051052,2026-08-15,pull_request,525,e2e/a11y.e2e.ts,Dunkel — Startseite ─────────────────────────────────────────,UNKLAR-NURANDERES,6c0f716a9 [zeit;1c;P=0;specT=0;helperT=0;otherSpecT=0;gruen]
31892782300,2026-08-15,pull_request,525,e2e/a11y.e2e.ts,Dunkel — Startseite mit offener Universal-Suche ─────────────,UNKLAR-NURANDERES,6c0f716a9 [zeit;1c;P=0;specT=0;helperT=0;otherSpecT=0;gruen]
31892782300,2026-08-15,pull_request,525,e2e/a11y.e2e.ts,Dunkel — Startseite ─────────────────────────────────────────,UNKLAR-NURANDERES,6c0f716a9 [zeit;1c;P=0;specT=0;helperT=0;otherSpecT=0;gruen]
31914006986,2026-08-15,pull_request,525,e2e/a11y.e2e.ts,Dunkel — Startseite mit offener Universal-Suche ─────────────,UNKLAR-NURANDERES,6c0f716a9 [zeit;1c;P=0;specT=0;helperT=0;otherSpecT=0;gruen]
31914006986,2026-08-15,pull_request,525,e2e/a11y.e2e.ts,Dunkel — Startseite ─────────────────────────────────────────,UNKLAR-NURANDERES,6c0f716a9 [zeit;1c;P=0;specT=0;helperT=0;otherSpecT=0;gruen]
31940391637,2026-08-16,pull_request,527,e2e/leser-ohne-gliederungslinie.e2e.ts,"OR Art. 319 (Tiefe 4): keine Gliederungslinie, kein Schalter «Linien» im Ansicht-Menü",UNKLAR-NURANDERES,89fa6ec2e [zeit;1c;P=0;specT=0;helperT=0;otherSpecT=0;gruen]
31961280442,2026-08-16,pull_request,536,e2e/gesetze-ux-g3a.e2e.ts,"KANTON §-Label: Body zeigt «§», Kopf zählt «Paragraphen», Anker bleibt #art- (AG-291.150)",OFFEN-PR-GESCHLOSSEN,- [kette;0c;P=0;specT=0;helperT=0;otherSpecT=0;nogruen]
31961280442,2026-08-16,pull_request,536,e2e/gesetze-ux-g3a.e2e.ts,Kopf-Label: Gesetz bleibt «Bundesgesetz» (ELG) ───,OFFEN-PR-GESCHLOSSEN,- [kette;0c;P=0;specT=0;helperT=0;otherSpecT=0;nogruen]
31961280442,2026-08-16,pull_request,536,e2e/gesetze-ux-g3a.e2e.ts,"Kopf-Label: Verordnung wird als «Verordnung» betitelt, nicht «Bundesgesetz» (VMWG)",OFFEN-PR-GESCHLOSSEN,- [kette;0c;P=0;specT=0;helperT=0;otherSpecT=0;nogruen]
31961280442,2026-08-16,pull_request,536,e2e/leser-optionen.e2e.ts,"Fussnoten-Toggle: AN sichtbar → AUS VERSCHWINDEN (A1, David 5.7.2026), Text bleibt im DOM, kein CLS beim Toggle",OFFEN-PR-GESCHLOSSEN,- [kette;0c;P=0;specT=0;helperT=0;otherSpecT=0;nogruen]
31961280442,2026-08-16,pull_request,536,e2e/leser-optionen.e2e.ts,"Options-Leiste: zwei role=switch (Fussnoten/Verweise) — «Entscheide» via «Rechtsprechung ▾», «Linien» seit dem Rückbau V1 entfallen",OFFEN-PR-GESCHLOSSEN,- [kette;0c;P=0;specT=0;helperT=0;otherSpecT=0;nogruen]
31961280442,2026-08-16,pull_request,536,e2e/leser-optionen.e2e.ts,"Verweise-Toggle: AUS unterdrückt die (dotted) Link-Unterstreichung, der Link bleibt",OFFEN-PR-GESCHLOSSEN,- [kette;0c;P=0;specT=0;helperT=0;otherSpecT=0;nogruen]
31961280442,2026-08-16,pull_request,536,e2e/leser-r1-r2.e2e.ts,R2 — Mobile Gliederung als volles Bottom-Sheet › Desktop-TOC-Kopf trägt denselben Quickjump-Baustein (§5),OFFEN-PR-GESCHLOSSEN,- [kette;0c;P=0;specT=0;helperT=0;otherSpecT=0;nogruen]
31961280442,2026-08-16,pull_request,536,e2e/leser-r1-r2.e2e.ts,R2 — Mobile Gliederung als volles Bottom-Sheet › Quickjump springt deterministisch zum Artikel — Unbekanntes wird ehrlich abgelehnt,OFFEN-PR-GESCHLOSSEN,- [kette;0c;P=0;specT=0;helperT=0;otherSpecT=0;nogruen]
31961280442,2026-08-16,pull_request,536,e2e/leser-r1-r2.e2e.ts,"R2 — Mobile Gliederung als volles Bottom-Sheet › Sheet ist unten angeschlagen, füllt die Höhe, trägt «Sie sind hier» + Quickjump",OFFEN-PR-GESCHLOSSEN,- [kette;0c;P=0;specT=0;helperT=0;otherSpecT=0;nogruen]
31961280442,2026-08-16,pull_request,536,e2e/tastatur.e2e.ts,Skip-Link: erstes Tab fokussiert «Zum Inhalt springen» und springt in den Inhalt,FLAKE-RETRY,99805e41b
31961280442,2026-08-16,pull_request,536,e2e/tastatur.e2e.ts,«/» fokussiert die Suche (Tastatur-Shortcut) ───────────,FLAKE-RETRY,99805e41b
31961280442,2026-08-16,pull_request,536,e2e/tastatur.e2e.ts,"⌘K/Ctrl-K und «/» koexistieren: beide fokussieren die HeaderSuche, kein Overlay",FLAKE-RETRY,99805e41b
31961280442,2026-08-16,pull_request,536,e2e/verweis-u.e2e.ts,FN-3 — Präambel-Fussnoten inline (Marker + Kopf-Apparat-Anker) › OR-Ingress: Marker 1 verlinkt auf Kopf-Apparat #fn-kopf-1,FLAKE-RETRY,99805e41b
31962198006,2026-08-16,pull_request,537,e2e/gesetze-ux-g3a.e2e.ts,"KANTON §-Label: Body zeigt «§», Kopf zählt «Paragraphen», Anker bleibt #art- (AG-291.150)",FANG-PRODUKT,b6cc77556 [kette;6c;P=1;specT=0;helperT=0;otherSpecT=1;gruen]
31962198006,2026-08-16,pull_request,537,e2e/gesetze-ux-g3a.e2e.ts,Kopf-Label: Gesetz bleibt «Bundesgesetz» (ELG) ───,FANG-PRODUKT,b6cc77556 [kette;6c;P=1;specT=0;helperT=0;otherSpecT=1;gruen]
31962198006,2026-08-16,pull_request,537,e2e/gesetze-ux-g3a.e2e.ts,"Kopf-Label: Verordnung wird als «Verordnung» betitelt, nicht «Bundesgesetz» (VMWG)",FANG-PRODUKT,b6cc77556 [kette;6c;P=1;specT=0;helperT=0;otherSpecT=1;gruen]
31962198006,2026-08-16,pull_request,537,e2e/leser-optionen.e2e.ts,"Fussnoten-Toggle: AN sichtbar → AUS VERSCHWINDEN (A1, David 5.7.2026), Text bleibt im DOM, kein CLS beim Toggle",FANG-PRODUKT,b6cc77556 [kette;6c;P=1;specT=0;helperT=0;otherSpecT=1;gruen]
31962198006,2026-08-16,pull_request,537,e2e/leser-optionen.e2e.ts,"Options-Leiste: zwei role=switch (Fussnoten/Verweise) — «Entscheide» via «Rechtsprechung ▾», «Linien» seit dem Rückbau V1 entfallen",FANG-PRODUKT,b6cc77556 [kette;6c;P=1;specT=0;helperT=0;otherSpecT=1;gruen]
31962198006,2026-08-16,pull_request,537,e2e/leser-optionen.e2e.ts,"Verweise-Toggle: AUS unterdrückt die (dotted) Link-Unterstreichung, der Link bleibt",FANG-PRODUKT,b6cc77556 [kette;6c;P=1;specT=0;helperT=0;otherSpecT=1;gruen]
31962198006,2026-08-16,pull_request,537,e2e/leser-r1-r2.e2e.ts,R2 — Mobile Gliederung als volles Bottom-Sheet › Desktop-TOC-Kopf trägt denselben Quickjump-Baustein (§5),FANG-PRODUKT,b6cc77556 [kette;6c;P=1;specT=0;helperT=0;otherSpecT=1;gruen]
31962198006,2026-08-16,pull_request,537,e2e/leser-r1-r2.e2e.ts,R2 — Mobile Gliederung als volles Bottom-Sheet › Quickjump springt deterministisch zum Artikel — Unbekanntes wird ehrlich abgelehnt,FANG-PRODUKT,b6cc77556 [kette;6c;P=1;specT=0;helperT=0;otherSpecT=1;gruen]
31962198006,2026-08-16,pull_request,537,e2e/leser-r1-r2.e2e.ts,"R2 — Mobile Gliederung als volles Bottom-Sheet › Sheet ist unten angeschlagen, füllt die Höhe, trägt «Sie sind hier» + Quickjump",FANG-PRODUKT,b6cc77556 [kette;6c;P=1;specT=0;helperT=0;otherSpecT=1;gruen]
31962198006,2026-08-16,pull_request,537,e2e/tastatur.e2e.ts,Skip-Link: erstes Tab fokussiert «Zum Inhalt springen» und springt in den Inhalt,FLAKE-RETRY,8eccde007
31962198006,2026-08-16,pull_request,537,e2e/tastatur.e2e.ts,«/» fokussiert die Suche (Tastatur-Shortcut) ───────────,FLAKE-RETRY,8eccde007
31962198006,2026-08-16,pull_request,537,e2e/tastatur.e2e.ts,"⌘K/Ctrl-K und «/» koexistieren: beide fokussieren die HeaderSuche, kein Overlay",FLAKE-RETRY,8eccde007
31970106229,2026-08-16,pull_request,539,e2e/leser-optionen.e2e.ts,"Fussnoten-Toggle: AN sichtbar → AUS VERSCHWINDEN (A1, David 5.7.2026), Text bleibt im DOM, kein CLS beim Toggle",FANG-PRODUKT,05acf0fe3 [kette;5c;P=1;specT=0;helperT=0;otherSpecT=1;gruen]
31970106229,2026-08-16,pull_request,539,e2e/leser-v3-highlight-split.e2e.ts,"QS-UI-HIGHLIGHT — Suche in Pane A löscht die Markierung in Pane B nicht › (≥lg) leeren BEIDE Panes ihr Feld, verschwindet die Registry-Position ganz",FANG-BAU,05acf0fe3 [kette;5c;P=1;specT=1;helperT=0;otherSpecT=1;gruen]
31970106229,2026-08-16,pull_request,539,e2e/leser-v3-highlight-split.e2e.ts,QS-UI-HIGHLIGHT — Suche in Pane A löscht die Markierung in Pane B nicht › (≥lg) zwei Gesetz-Panes: Feld A leeren lässt die Markierung von Pane B stehen,FANG-BAU,05acf0fe3 [kette;5c;P=1;specT=1;helperT=0;otherSpecT=1;gruen]
31970106229,2026-08-16,pull_request,539,e2e/leser-v3-seitenleiste-ordnung.e2e.ts,Kap. 4b — feste Reihenfolge der Seitenleiste › (a) Dokument-Reihenfolge: Übersicht → Feld → Gliederung,FANG-GEMISCHT,05acf0fe3 [kette;5c;P=1;specT=1;helperT=0;otherSpecT=1;gruen]
31970106229,2026-08-16,pull_request,539,e2e/tastatur.e2e.ts,Skip-Link: erstes Tab fokussiert «Zum Inhalt springen» und springt in den Inhalt,FLAKE-RETRY,5e90082e3
31970106229,2026-08-16,pull_request,539,e2e/tastatur.e2e.ts,«/» fokussiert die Suche (Tastatur-Shortcut) ───────────,FLAKE-RETRY,5e90082e3
31970106229,2026-08-16,pull_request,539,e2e/tastatur.e2e.ts,"⌘K/Ctrl-K und «/» koexistieren: beide fokussieren die HeaderSuche, kein Overlay",FLAKE-RETRY,5e90082e3
31970106229,2026-08-16,pull_request,539,e2e/verweis-u.e2e.ts,FN-3 — Präambel-Fussnoten inline (Marker + Kopf-Apparat-Anker) › OR-Ingress: Marker 1 verlinkt auf Kopf-Apparat #fn-kopf-1,FLAKE-RETRY,5e90082e3
31971659530,2026-08-16,pull_request,539,e2e/leser-v3-umschalten.e2e.ts,FL-6 — Umschalten V1 ↔ V3 verliert nichts › (a) Options-Schalter (Fussnoten aus) ist NACH dem Wechsel auf V1 noch aus — geteilter Store,FANG-TEST,5cf925028 [kette;2c;P=0;specT=1;helperT=0;otherSpecT=0;gruen]
31972372583,2026-08-16,pull_request,539,e2e/leser-ohne-gliederungslinie.e2e.ts,"OR Art. 319 (Tiefe 4): keine Gliederungslinie, kein Schalter «Linien» im Ansicht-Menü",FANG-GEMISCHT,6f016af17 [kette;4c;P=1;specT=0;helperT=1;otherSpecT=1;gruen]
31974377602,2026-08-16,pull_request,539,e2e/leser-ohne-gliederungslinie.e2e.ts,"OR Art. 319 (Tiefe 4): keine Gliederungslinie, kein Schalter «Linien» im Ansicht-Menü",FANG-TEST,a3f59209d [kette;2c;P=0;specT=0;helperT=1;otherSpecT=0;gruen]
31974377602,2026-08-16,pull_request,539,e2e/leser-r1-r2.e2e.ts,Perf-Beweis am schweren Erlass (OR) › Der Suchmodus räumt den Volltext nicht mehr ab — kein Massen-Remount,FLAKE-RETRY,eca91b2b2
31975373369,2026-08-16,push,main,e2e/leser-ohne-gliederungslinie.e2e.ts,"OR Art. 319 (Tiefe 4): keine Gliederungslinie, kein Schalter «Linien» im Ansicht-Menü",FLAKE-MAIN,3eac55941 [main-push; naechster gruener Push ohne Spec-Aenderung]
31979355328,2026-08-16,push,main,e2e/leitfaelle-chips.e2e.ts,"Rechtsprechungs-Auflistung im ArtikelLeser (OR) › (d) V3: Chip zeigt den Kurztext auf Hover + Tastatur, Esc schliesst",FLAKE-RETRY,3ac2011a9
31979355328,2026-08-16,push,main,e2e/leser-ruecksprung-r5-r7.e2e.ts,"A9 — Chip: Tastatur/aria/Tap-Ziel, und der TOC-Sprung bleibt unter 6× Drossel CLS-frei",FLAKE-RERUN,3ac2011a9 attempt1->2
31980533874,2026-08-16,pull_request,544,e2e/leser-ohne-gliederungslinie.e2e.ts,"OR Art. 319 (Tiefe 4): keine Gliederungslinie, kein Schalter «Linien» im Ansicht-Menü",FLAKE-RERUN,04877dc70 attempt1->2
31982555660,2026-08-17,pull_request,525,e2e/a11y.e2e.ts,Dunkel — Startseite mit offener Universal-Suche ─────────────,UNKLAR-NURANDERES,6c0f716a9 [zeit;1c;P=0;specT=0;helperT=0;otherSpecT=0;gruen]
31982555660,2026-08-17,pull_request,525,e2e/a11y.e2e.ts,Dunkel — Startseite ─────────────────────────────────────────,UNKLAR-NURANDERES,6c0f716a9 [zeit;1c;P=0;specT=0;helperT=0;otherSpecT=0;gruen]
31982555660,2026-08-17,pull_request,525,e2e/leser-ohne-gliederungslinie.e2e.ts,"OR Art. 319 (Tiefe 4): keine Gliederungslinie, kein Schalter «Linien» im Ansicht-Menü",UNKLAR-NURANDERES,6c0f716a9 [zeit;1c;P=0;specT=0;helperT=0;otherSpecT=0;gruen]
31982749862,2026-08-17,pull_request,526,e2e/leser-ohne-gliederungslinie.e2e.ts,"OR Art. 319 (Tiefe 4): keine Gliederungslinie, kein Schalter «Linien» im Ansicht-Menü",UNKLAR-NURANDERES,694cdb6a3 [zeit;1c;P=0;specT=0;helperT=0;otherSpecT=0;gruen]
31982756909,2026-08-17,pull_request,527,e2e/leser-ohne-gliederungslinie.e2e.ts,"OR Art. 319 (Tiefe 4): keine Gliederungslinie, kein Schalter «Linien» im Ansicht-Menü",UNKLAR-NURANDERES,89fa6ec2e [zeit;1c;P=0;specT=0;helperT=0;otherSpecT=0;gruen]
31997522969,2026-08-17,pull_request,546,e2e/leser-ohne-gliederungslinie.e2e.ts,"OR Art. 319 (Tiefe 4): keine Gliederungslinie, kein Schalter «Linien» im Ansicht-Menü",OFFEN-PR-GESCHLOSSEN,- [kette;0c;P=0;specT=0;helperT=0;otherSpecT=0;nogruen]
31997522969,2026-08-17,pull_request,546,e2e/leser-ohne-gliederungslinie.e2e.ts,"ZGB Art. 684 (Tiefe 5): keine Gliederungslinie im Lesetext, Einzug bleibt",FLAKE-RETRY,d81cdc0e5
32029557662,2026-08-17,pull_request,548,e2e/leser-history-hash.e2e.ts,LM-201 — Routenwechsel auf kürzere Seite: kein Frame mit alter Scrollposition › SCHKG (tief) → Startseite: jeder Frame mit neuem (kurzem) Dokument hat scrollY 0,FANG-TEST,5312ea4ba [kette;1c;P=0;specT=1;helperT=0;otherSpecT=0;gruen]
32032481665,2026-08-17,pull_request,548,e2e/leser-ohne-gliederungslinie.e2e.ts,"OR Art. 319 (Tiefe 4): keine Gliederungslinie, kein Schalter «Linien» im Ansicht-Menü",FLAKE-RERUN,5312ea4ba attempt1->2
32521724699,2026-08-21,pull_request,559,e2e/leser-v3-kontext-cls.e2e.ts,H3 — kein Layout-Sprung im Lesekörper › (a) D @1440: Öffnen und Schliessen lassen y und Breite unverändert,FANG-PRODUKT,a49178aee [kette;1c;P=1;specT=0;helperT=0;otherSpecT=0;gruen]
32521724699,2026-08-21,pull_request,559,e2e/leser-v3-rahmen.e2e.ts,"Ä60 (c) — Text und Beiwerk-Blatt stehen nebeneinander › (a) @1440: Blatt als eigene Spur, keine Überlappung, Lesemass ≤ 80 ch",FANG-PRODUKT,a49178aee [kette;1c;P=1;specT=0;helperT=0;otherSpecT=0;gruen]
32521724699,2026-08-21,pull_request,559,e2e/norm-sprung.e2e.ts,Norm-Sprung in der normalen Suchleiste (A5) › ⌘K/Ctrl-K fokussiert die Suchleiste (kein Overlay mehr),FLAKE-RETRY,59e4a019e
33225963268,2026-08-29,pull_request,566,e2e/a11y.e2e.ts,Gesetze — Kanton BS (eingeklappt) ───────────────────────────,FANG-PRODUKT,81d586126 [kette;2c;P=1;specT=0;helperT=0;otherSpecT=0;gruen]
33225963268,2026-08-29,pull_request,566,e2e/gesetze-ia7-sidebar-badges.e2e.ts,IA-7 · Erlass-Zahl-Badges an den Sidebar-Kantonslinks › Desktop: 26 Kantonslinks mit sichtbarer Badge-Zahl + vollem aria-label,FANG-PRODUKT,81d586126 [kette;2c;P=1;specT=0;helperT=0;otherSpecT=0;gruen]
33225963268,2026-08-29,pull_request,566,e2e/leser-r1-r2.e2e.ts,"A9-DoD — Flüssigkeit unter CPU-Drossel 6× › Suche, Fundstellen-Sprung und Gliederungs-Sheet ohne Layout-Shift (CLS 0)",FLAKE-RETRY,eead6798a
33225963268,2026-08-29,pull_request,566,e2e/leser-v3-suche-ohne-gliederung.e2e.ts,(e) das Öffnen verschiebt den Lesetext um 0 px — darum ein Blatt und keine aufziehende Spalte,FLAKE-RETRY,eead6798a
33226535687,2026-08-29,pull_request,566,e2e/a11y.e2e.ts,Gesetze — Kanton BS (eingeklappt) ───────────────────────────,FANG-PRODUKT,e354e705b [kette;1c;P=1;specT=0;helperT=0;otherSpecT=0;gruen]
33226535687,2026-08-29,pull_request,566,e2e/gesetze-ia7-sidebar-badges.e2e.ts,IA-7 · Erlass-Zahl-Badges an den Sidebar-Kantonslinks › Desktop: 26 Kantonslinks mit sichtbarer Badge-Zahl + vollem aria-label,FANG-PRODUKT,e354e705b [kette;1c;P=1;specT=0;helperT=0;otherSpecT=0;gruen]
33226535687,2026-08-29,pull_request,566,e2e/leser-r1-r2.e2e.ts,"A9-DoD — Flüssigkeit unter CPU-Drossel 6× › Suche, Fundstellen-Sprung und Gliederungs-Sheet ohne Layout-Shift (CLS 0)",FLAKE-RETRY,81d586126
33226535687,2026-08-29,pull_request,566,e2e/leser-v3-suche-ohne-gliederung.e2e.ts,(e) das Öffnen verschiebt den Lesetext um 0 px — darum ein Blatt und keine aufziehende Spalte,FLAKE-RETRY,81d586126
33252171869,2026-08-29,pull_request,569,e2e/leser-suche-a35-a40-a41.e2e.ts,A35 — In-Gesetz-Suche in der Kopfzeile + Treffer-Highlight › «Vertrag» im OR wird im Treffertext gehighlighted (CSS Custom Highlight API),FLAKE-RETRY,a859c55d8
33252171869,2026-08-29,pull_request,569,e2e/leser-suche-a35-a40-a41.e2e.ts,A41 — Header-Dropdown liegt über der Gesetzes-Kopfzeile › Trefferdropdown der Topbar-Suche verdeckt die sticky Gesetzes-Kopfzeile (nicht umgekehrt),FLAKE-RETRY,a859c55d8
33252171869,2026-08-29,pull_request,569,e2e/norm-sprung.e2e.ts,"Norm-Sprung in der normalen Suchleiste (A5) › Mobil (390px): Suchleiste trägt den Sprung ohne ⌘K, kein Overflow",FANG-GEMISCHT,dc43c3f98 [kette;2c;P=1;specT=1;helperT=1;otherSpecT=1;gruen]
33252171869,2026-08-29,pull_request,569,e2e/norm-sprung.e2e.ts,Norm-Sprung in der normalen Suchleiste (A5) › ⌘K/Ctrl-K fokussiert die Suchleiste (kein Overlay mehr),FLAKE-RETRY,a859c55d8
33252171869,2026-08-29,pull_request,569,e2e/suche-q-fokus-s1-s6.e2e.ts,S6 · Mobiler Such-Fokusmodus @390 › Feldschrift ≥ 16 px (keine iOS-Fokus-Zoom-Falle),FANG-GEMISCHT,dc43c3f98 [kette;2c;P=1;specT=1;helperT=1;otherSpecT=1;gruen]
33252171869,2026-08-29,pull_request,569,e2e/suche-q-fokus-s1-s6.e2e.ts,"S6 · Mobiler Such-Fokusmodus @390 › Fokus blendet Logo und Werkzeuge aus, ✕ holt sie zurück",FANG-GEMISCHT,dc43c3f98 [kette;2c;P=1;specT=1;helperT=1;otherSpecT=1;gruen]
33252171869,2026-08-29,pull_request,569,e2e/suche-q-fokus-s1-s6.e2e.ts,S6 · Mobiler Such-Fokusmodus @390 › getippte Query bleibt im Feld sichtbar (nicht abgeschnitten),FANG-GEMISCHT,dc43c3f98 [kette;2c;P=1;specT=1;helperT=1;otherSpecT=1;gruen]
33265915965,2026-08-29,pull_request,525,e2e/gesetze-ux-9punkte.e2e.ts,"Gesetze-UX 9 Punkte › Einklappen analog Fedlex: Artikel-Body klappt zu, Nummer bleibt; Randtitel-Sektionskopf bleibt",UNKLAR-NURANDERES,6c0f716a9 [zeit;1c;P=0;specT=0;helperT=0;otherSpecT=0;gruen]
33265915965,2026-08-29,pull_request,525,e2e/gesetze-ux-9punkte.e2e.ts,Gesetze-UX 9 Punkte › P4: Gliederung/Randtitel steht VOR der Artikelnummer (Fedlex-Reihenfolge),FLAKE-RETRY,ada4cb31a
33265915965,2026-08-29,pull_request,525,e2e/gesetze-ux-9punkte.e2e.ts,Gesetze-UX 9 Punkte › P9: Gliederung markiert aktive Sektion beim Scrollen (Scroll-Spy),FLAKE-RETRY,ada4cb31a
33265915965,2026-08-29,pull_request,525,e2e/gesetze-ux-9punkte.e2e.ts,Gesetze-UX 9 Punkte › Screenshot Mobil ──────,FLAKE-RETRY,ada4cb31a
33265915965,2026-08-29,pull_request,525,e2e/leser-lesemass.e2e.ts,"R5 · Lesemass Mobil (≥ 34 ch @ 390, kein H-Overflow) › OR: Lesespalte ≥ 34 ch, kein H-Overflow",UNKLAR-NURANDERES,6c0f716a9 [zeit;1c;P=0;specT=0;helperT=0;otherSpecT=0;gruen]
33265915965,2026-08-29,pull_request,525,e2e/leser-v3-blatt.e2e.ts,"A2 — bei offenem Blatt bleibt die Bedienung im Blatt › (a) ⌘K fokussiert das Feld IM Blatt, und Tippen ist sichtbar",FLAKE-RETRY,ada4cb31a
33265915965,2026-08-29,pull_request,525,e2e/leser-v3-blatt.e2e.ts,"A3 — ⌘K bedient das Pane, in dem der Fokus steht › (c) im Split trifft das Kürzel nie das fremde Pane",FLAKE-RETRY,ada4cb31a
33265915965,2026-08-29,pull_request,525,e2e/rechtsprechung-richter.e2e.ts,/rechtsprechung — Richter-Facette › kombiniert mit der Gemeinwesen-/Gericht-Achse (echte Schnittmenge),FLAKE-RETRY,ada4cb31a
33336845699,2026-08-30,pull_request,525,e2e/leitfaelle-chips.e2e.ts,Rechtsprechungs-Auflistung im ArtikelLeser (OR) › (c) vollständiger Normtext bleibt im DOM (Ctrl+F / §15.1),OFFEN-PR-GESCHLOSSEN,- [kette;0c;P=0;specT=0;helperT=0;otherSpecT=0;nogruen]
33402520802,2026-08-31,pull_request,602,e2e/leser-kopf-v2.e2e.ts,"K-2 (A26): Fussnoten-Eintrag im «Ansicht»-Dropdown — Zähler + Toggle (aria-checked), CLS 0",FANG-TEST,17f88a42c [kette;1c;P=0;specT=1;helperT=0;otherSpecT=0;gruen]
33447310517,2026-08-31,pull_request,606,e2e/gesetze-kanton-g5.e2e.ts,"Kantons-Übersicht (G5 · §4.3) › §4.3.5 Roh-Code→Klartext: ZH zeigt «Nicht systematisiert», nicht «Bereich LS»",FANG-TEST,6d863321b [kette;1c;P=0;specT=1;helperT=0;otherSpecT=1;gruen]
33447310517,2026-08-31,pull_request,606,e2e/gesetze-uebersicht-u.e2e.ts,U-UEBERSICHT — URL-Kompatibilität (bestehende Deep-Links) › ?ebene=kanton&kt=ZH bleibt Default Systematisch (Nicht systematisiert),FANG-TEST,6d863321b [kette;1c;P=0;specT=1;helperT=0;otherSpecT=1;gruen]
33586361042,2026-09-02,push,main,e2e/split-erwaegungssprung.e2e.ts,⧉ öffnet den Entscheid als Pane — und das Pane steht auf der Erwägung,FLAKE-MAIN,0a0d6d329 [main-push; naechster gruener Push ohne Spec-Aenderung]
33586361042,2026-09-02,push,main,e2e/tastatur.e2e.ts,Skip-Link: erstes Tab fokussiert «Zum Inhalt springen» und springt in den Inhalt,FLAKE-RETRY,fecd59c76
33586361042,2026-09-02,push,main,e2e/tastatur.e2e.ts,«/» fokussiert die Suche (Tastatur-Shortcut) ───────────,FLAKE-RETRY,fecd59c76
33586361042,2026-09-02,push,main,e2e/tastatur.e2e.ts,"⌘K/Ctrl-K und «/» koexistieren: beide fokussieren die HeaderSuche, kein Overlay",FLAKE-RETRY,fecd59c76
33612810073,2026-09-02,pull_request,628,e2e/leser-r1-r2.e2e.ts,"A9-DoD — Flüssigkeit unter CPU-Drossel 6× › Suche, Fundstellen-Sprung und Gliederungs-Sheet ohne Layout-Shift (CLS 0)",FLAKE-RERUN,4f619fc9f attempt1->2
33612810073,2026-09-02,pull_request,628,e2e/leser-v3-suche-ohne-gliederung.e2e.ts,(e) das Öffnen verschiebt den Lesetext um 0 px — darum ein Blatt und keine aufziehende Spalte,FLAKE-RETRY,4f619fc9f
33888263843,2026-09-04,pull_request,650,e2e/gesetze-ia-v2-walks.e2e.ts,IA-1 · Named-Article-Klick-Beweis (§11.6 Punkt 2) › «OR 257d» → 1 Interaktion → Reader art-257_d im Viewport,FLAKE-RETRY,50248ae02
33888263843,2026-09-04,pull_request,650,e2e/gesetze-ia-v2-walks.e2e.ts,IA-1 · Named-Article-Klick-Beweis (§11.6 Punkt 2) › «OR 336c» → 1 Interaktion → Reader art-336_c im Viewport,FLAKE-RERUN,50248ae02 attempt1->2
33888263843,2026-09-04,pull_request,650,e2e/leser-v3-scroll-blur.e2e.ts,"Scroll-Blur an der Lesespalte (V3) › obere/untere Verlaufskante: sticky, korrekt verankert, Gradient auf `paper`, kein Layout-Einfluss",FLAKE-RERUN,50248ae02 attempt1->2
33888263843,2026-09-04,pull_request,650,e2e/rechtsprechung-richter.e2e.ts,/rechtsprechung — Richter-Facette › kombiniert mit der Gemeinwesen-/Gericht-Achse (echte Schnittmenge),FLAKE-RETRY,50248ae02
33898976780,2026-09-04,pull_request,658,e2e/gesetze-ia-v2-walks.e2e.ts,IA-1 · Named-Article-Klick-Beweis (§11.6 Punkt 2) › «OR 257d» → 1 Interaktion → Reader art-257_d im Viewport,FLAKE-RERUN,434cd1ed2 attempt1->2
33898976780,2026-09-04,pull_request,658,e2e/gesetze-ia-v2-walks.e2e.ts,IA-1 · Named-Article-Klick-Beweis (§11.6 Punkt 2) › «OR 336c» → 1 Interaktion → Reader art-336_c im Viewport,FLAKE-RETRY,434cd1ed2
33898976780,2026-09-04,pull_request,658,e2e/leser-v3-blatt.e2e.ts,"A3 — ⌘K bedient das Pane, in dem der Fokus steht › (c) im Split trifft das Kürzel nie das fremde Pane",FLAKE-RETRY,434cd1ed2
33898976780,2026-09-04,pull_request,658,e2e/rechtsprechung-richter.e2e.ts,/rechtsprechung — Richter-Facette › kombiniert mit der Gemeinwesen-/Gericht-Achse (echte Schnittmenge),FLAKE-RETRY,434cd1ed2
33909272966,2026-09-04,push,main,e2e/leser-v3-scrim-b7n1.e2e.ts,B7-N1 · Scrim hinter dem «Ansicht ▾»-Menü (LM-015) › Deckfarbe ist themenunabhängig und dunkelt ab — light,FLAKE-MAIN,a9a497544 [main-push; naechster gruener Push ohne Spec-Aenderung]
33909272966,2026-09-04,push,main,e2e/leser-v3-scrim-b7n1.e2e.ts,"B7-N1 · Scrim hinter dem «Ansicht ▾»-Menü (LM-015) › Stapelordnung: unter dem klebenden Kopf, über dem Lesetext — Öffner und Menü bleiben scharf",FLAKE-MAIN,a9a497544 [main-push; naechster gruener Push ohne Spec-Aenderung]
33909272966,2026-09-04,push,main,e2e/leser-v3-scrim-b7n1.e2e.ts,B7-N1 · Scrim hinter dem «Ansicht ▾»-Menü (LM-015) › offen ⇒ vollflächiger Scrim; zu ⇒ keiner; Klick darauf schliesst,FLAKE-MAIN,a9a497544 [main-push; naechster gruener Push ohne Spec-Aenderung]
33920431483,2026-09-04,pull_request,669,e2e/leser-suche-a35-a40-a41.e2e.ts,A35 — In-Gesetz-Suche in der Kopfzeile + Treffer-Highlight › «Vertrag» im OR wird im Treffertext gehighlighted (CSS Custom Highlight API),FLAKE-RETRY,84b3de1b9
33920431483,2026-09-04,pull_request,669,e2e/leser-suche-a35-a40-a41.e2e.ts,A41 — Header-Dropdown liegt über der Gesetzes-Kopfzeile › Trefferdropdown der Topbar-Suche verdeckt die sticky Gesetzes-Kopfzeile (nicht umgekehrt),FLAKE-RETRY,84b3de1b9
33920431483,2026-09-04,pull_request,669,e2e/norm-sprung.e2e.ts,"Norm-Sprung in der normalen Suchleiste (A5) › «OR 257d» ⇒ Sprung ist oberster Treffer, Enter springt zu #art-257_d (P3)",FLAKE-RERUN,84b3de1b9 attempt1->2
33920431483,2026-09-04,pull_request,669,e2e/norm-sprung.e2e.ts,Norm-Sprung in der normalen Suchleiste (A5) › ⌘K/Ctrl-K fokussiert die Suchleiste (kein Overlay mehr),FLAKE-RETRY,84b3de1b9
33920431483,2026-09-04,pull_request,669,e2e/rechtsprechung.e2e.ts,Kanton BS — Register-Facette und Reader › Facette «Gemeinwesen: BS» filtert; Liste bleibt DOM-gedeckelt («Weitere anzeigen»),FLAKE-RETRY,84b3de1b9
33923008038,2026-09-04,pull_request,674,e2e/rechtsprechung-richter.e2e.ts,/rechtsprechung — Richter-Facette › «zurücksetzen» räumt Richter- UND Norm-Achse gemeinsam aus der URL,FANG-PRODUKT,7bd859158 [kette;1c;P=1;specT=0;helperT=0;otherSpecT=0;gruen]
33924631917,2026-09-04,pull_request,676,e2e/rechtsprechung-richter.e2e.ts,/rechtsprechung — Richter-Facette › filtert auf eine bekannte Richter:in und zeigt nur deren Entscheide,FANG-TEST,90a7a7cb4 [kette;1c;P=0;specT=1;helperT=0;otherSpecT=1;gruen]
33924631917,2026-09-04,pull_request,676,e2e/rechtsprechung-richter.e2e.ts,/rechtsprechung — Richter-Facette › kombiniert mit der Gemeinwesen-/Gericht-Achse (echte Schnittmenge),FANG-TEST,90a7a7cb4 [kette;1c;P=0;specT=1;helperT=0;otherSpecT=1;gruen]
33925561070,2026-09-04,pull_request,674,e2e/rechtsprechung-richter.e2e.ts,/rechtsprechung — Richter-Facette › «zurücksetzen» räumt Richter- UND Norm-Achse gemeinsam aus der URL,FANG-PRODUKT,7bd859158 [kette;1c;P=1;specT=0;helperT=0;otherSpecT=0;gruen]
33928635746,2026-09-04,pull_request,676,e2e/rechtsprechung-richter.e2e.ts,/rechtsprechung — Richter-Facette › filtert auf eine bekannte Richter:in und zeigt nur deren Entscheide,FANG-TEST,90a7a7cb4 [kette;1c;P=0;specT=1;helperT=0;otherSpecT=1;gruen]
33928635746,2026-09-04,pull_request,676,e2e/rechtsprechung-richter.e2e.ts,/rechtsprechung — Richter-Facette › kombiniert mit der Gemeinwesen-/Gericht-Achse (echte Schnittmenge),FANG-TEST,90a7a7cb4 [kette;1c;P=0;specT=1;helperT=0;otherSpecT=1;gruen]
33943249771,2026-09-05,pull_request,691,e2e/gesetze-ia-v2-walks.e2e.ts,IA-1 · Named-Article-Klick-Beweis (§11.6 Punkt 2) › «OR 257d» → 1 Interaktion → Reader art-257_d im Viewport,FLAKE-RETRY,dae18b988
33943249771,2026-09-05,pull_request,691,e2e/gesetze-ia-v2-walks.e2e.ts,IA-1 · Named-Article-Klick-Beweis (§11.6 Punkt 2) › «OR 336c» → 1 Interaktion → Reader art-336_c im Viewport,FLAKE-RERUN,dae18b988 attempt1->2
33943249771,2026-09-05,pull_request,691,e2e/rechtsprechung-richter.e2e.ts,/rechtsprechung — Richter-Facette › kombiniert mit der Gemeinwesen-/Gericht-Achse (echte Schnittmenge),FLAKE-RETRY,dae18b988
33958776971,2026-09-05,pull_request,710,e2e/leser-v3-scrim-b7n1.e2e.ts,B7-N1 · Scrim hinter dem «Ansicht ▾»-Menü (LM-015) › offen ⇒ vollflächiger Scrim; zu ⇒ keiner; Klick darauf schliesst,UNKLAR-NURANDERES,51494bb2c [kette;1c;P=0;specT=0;helperT=0;otherSpecT=0;gruen]
33959052435,2026-09-05,pull_request,711,e2e/gesetze-ia-v2-walks.e2e.ts,IA-1 · Named-Article-Klick-Beweis (§11.6 Punkt 2) › «OR 257d» → 1 Interaktion → Reader art-257_d im Viewport,FLAKE-RERUN,c4829240a attempt1->2
33959052435,2026-09-05,pull_request,711,e2e/leser-v3-blatt.e2e.ts,"A3 — ⌘K bedient das Pane, in dem der Fokus steht › (c) im Split trifft das Kürzel nie das fremde Pane",FLAKE-RETRY,c4829240a
33961812015,2026-09-05,pull_request,715,e2e/split-erwaegungssprung.e2e.ts,⧉ öffnet den Entscheid als Pane — und das Pane steht auf der Erwägung,FLAKE-RERUN,fdacd400f attempt1->2
33961812015,2026-09-05,pull_request,715,e2e/tastatur.e2e.ts,Skip-Link: erstes Tab fokussiert «Zum Inhalt springen» und springt in den Inhalt,FLAKE-RETRY,fdacd400f
34054880415,2026-09-06,pull_request,739,e2e/gesetze-footer-cls.e2e.ts,Übersicht /gesetze · Footer-CLS beim Such-Einschwung (§15.2) › CLS 0 unter CPU-Drossel 6× — Tippen (Treffer schwingen ein) UND Löschen (zurück zum Panel),FLAKE-RETRY,06f5f32e0
34054880415,2026-09-06,pull_request,739,e2e/gesetze-historie-badge.e2e.ts,Badge-Einwuchs verschiebt nichts: die Reservierung hält (§15.2),FANG-GEMISCHT,af058998e [kette;22c;P=1;specT=0;helperT=1;otherSpecT=1;gruen]
34054880415,2026-09-06,pull_request,739,e2e/gesetze-ia-v2-walks.e2e.ts,IA-1 · Interaktions-Zähl-Walks (§11.6 Punkt 1) › Zeile 1/9: «OR 336c» nachschlagen — Budget 1,FANG-GEMISCHT,af058998e [kette;22c;P=1;specT=1;helperT=1;otherSpecT=1;gruen]
34054880415,2026-09-06,pull_request,739,e2e/gesetze-ia-v2-walks.e2e.ts,IA-1 · Named-Article-Klick-Beweis (§11.6 Punkt 2) › «OR 257d» → 1 Interaktion → Reader art-257_d im Viewport,FANG-GEMISCHT,af058998e [kette;22c;P=1;specT=1;helperT=1;otherSpecT=1;gruen]
34054880415,2026-09-06,pull_request,739,e2e/gesetze-ia-v2-walks.e2e.ts,IA-1 · Named-Article-Klick-Beweis (§11.6 Punkt 2) › «OR 336c» → 1 Interaktion → Reader art-336_c im Viewport,FANG-GEMISCHT,af058998e [kette;22c;P=1;specT=1;helperT=1;otherSpecT=1;gruen]
34054880415,2026-09-06,pull_request,739,e2e/gesetze-marginalie.e2e.ts,A31: Fussnoten-Marker klebt ohne Abstand an der Artikelnummer,FANG-GEMISCHT,af058998e [kette;22c;P=1;specT=1;helperT=1;otherSpecT=1;gruen]
34054880415,2026-09-06,pull_request,739,e2e/gesetze-ux-9punkte.e2e.ts,"Gesetze-UX 9 Punkte › P3/B: Reiter-Übersicht im Header, gruppiert (Gesetze→Bund)",FANG-GEMISCHT,af058998e [kette;22c;P=1;specT=1;helperT=1;otherSpecT=1;gruen]
34054880415,2026-09-06,pull_request,739,e2e/gesetze-ux-9punkte.e2e.ts,Gesetze-UX 9 Punkte › P9: Gliederung markiert aktive Sektion beim Scrollen (Scroll-Spy),FLAKE-RETRY,06f5f32e0
34054880415,2026-09-06,pull_request,739,e2e/international-kanonik-ia6.e2e.ts,IA-6 Stufe 2 · Interne Nav zeigt direkt auf die Säule (R-SCOPE-4) › Gruppen-Kopf und alle 5 Anker-Kinder verlinken die Säule; der Klick scrollt zur Sektion,FANG-GEMISCHT,af058998e [kette;22c;P=1;specT=1;helperT=1;otherSpecT=1;gruen]
34054880415,2026-09-06,pull_request,739,e2e/leser-gliederung-p8.e2e.ts,P8 · Gliederungszeilen sind Links › (c) ⌘/Strg-Klick öffnet einen zweiten Reiter mit dem Anker der Zeile,FLAKE-RETRY,06f5f32e0
34054880415,2026-09-06,pull_request,739,e2e/leser-r1-r2.e2e.ts,"A9-DoD — Flüssigkeit unter CPU-Drossel 6× › Suche, Fundstellen-Sprung und Gliederungs-Sheet ohne Layout-Shift (CLS 0)",FANG-GEMISCHT,af058998e [kette;40c;P=1;specT=1;helperT=1;otherSpecT=1;gruen]
34054880415,2026-09-06,pull_request,739,e2e/leser-r1-r2.e2e.ts,Perf-Beweis am schweren Erlass (OR) › Der Suchmodus räumt den Volltext nicht mehr ab — kein Massen-Remount,FLAKE-RETRY,06f5f32e0
34054880415,2026-09-06,pull_request,739,e2e/leser-ruecksprung-r5-r7.e2e.ts,R5 — Rücksprung-Chip › TOC-Sprung ⇒ Chip nennt die verlassene Stelle und führt exakt dorthin zurück,FANG-GEMISCHT,af058998e [kette;22c;P=1;specT=1;helperT=1;otherSpecT=1;gruen]
34054880415,2026-09-06,pull_request,739,e2e/leser-ruecksprung-r5-r7.e2e.ts,R7 — Deep-Link-Skeleton › Einsprung über #art-… zeigt die Zielansage statt des Dokumentanfangs,FANG-GEMISCHT,af058998e [kette;22c;P=1;specT=1;helperT=1;otherSpecT=1;gruen]
34054880415,2026-09-06,pull_request,739,e2e/leser-spy-w25d.e2e.ts,"W2·5d-SPY — Bezugslinie entscheidet, nicht das Beobachtungs-Band › H6-a — 400 % Zoom (320×200): der Artikel an der Linie bleibt sichtbar",FANG-GEMISCHT,af058998e [kette;22c;P=1;specT=1;helperT=1;otherSpecT=1;gruen]
34054880415,2026-09-06,pull_request,739,e2e/leser-suche-a35-a40-a41.e2e.ts,A35 — In-Gesetz-Suche in der Kopfzeile + Treffer-Highlight › «Vertrag» im OR wird im Treffertext gehighlighted (CSS Custom Highlight API),FLAKE-RETRY,06f5f32e0
34054880415,2026-09-06,pull_request,739,e2e/leser-v3-h4-gliederungswege.e2e.ts,"H4-Nachzug — die Gliederung führt dorthin, wo sie hinzeigt › (b) B1-Gegenprobe · @390: die Sektions-Zeile schliesst es weiterhin",FANG-GEMISCHT,af058998e [kette;22c;P=1;specT=1;helperT=1;otherSpecT=1;gruen]
34054880415,2026-09-06,pull_request,739,e2e/leser-v3-kopfzeile.e2e.ts,A-2 — unter ?leser=v3 trägt der Leser die eine Kopfzeile › (k) Entscheid öffnen und Zurücktaste: die App-Leiste bleibt still,FLAKE-RETRY,06f5f32e0
34054880415,2026-09-06,pull_request,739,e2e/leser-v3-nachzug-auskunft.e2e.ts,A1 — die Leser-Vorgabe wirkt auch für Bestandsnutzer › (c) ausserhalb des Lesers bleibt die Leiste offen und nichts wird geschrieben,FANG-GEMISCHT,af058998e [kette;22c;P=1;specT=1;helperT=1;otherSpecT=1;gruen]
34054880415,2026-09-06,pull_request,739,e2e/leser-v3-rahmen.e2e.ts,"Ä60 (c) — Text und Beiwerk-Blatt stehen nebeneinander › (e2) @1150: das Blatt faltet die Gliederung, die Lesestelle bleibt stehen",FANG-GEMISCHT,af058998e [kette;22c;P=1;specT=1;helperT=1;otherSpecT=1;gruen]
34054880415,2026-09-06,pull_request,739,e2e/leser-v3-rahmen.e2e.ts,"Ä60 (c) — Text und Beiwerk-Blatt stehen nebeneinander › (e2) @1280: das Blatt faltet die Gliederung, die Lesestelle bleibt stehen",FANG-GEMISCHT,af058998e [kette;22c;P=1;specT=1;helperT=1;otherSpecT=1;gruen]
34054880415,2026-09-06,pull_request,739,e2e/leser-v3-suche-ohne-gliederung.e2e.ts,(e) das Öffnen verschiebt den Lesetext um 0 px — darum ein Blatt und keine aufziehende Spalte,FLAKE-RETRY,06f5f32e0
34054880415,2026-09-06,pull_request,739,e2e/norm-sprung.e2e.ts,"Norm-Sprung in der normalen Suchleiste (A5) › «OR 257d» ⇒ Sprung ist oberster Treffer, Enter springt zu #art-257_d (P3)",FANG-GEMISCHT,af058998e [kette;22c;P=1;specT=1;helperT=1;otherSpecT=1;gruen]
34054880415,2026-09-06,pull_request,739,e2e/qsui-hierarchie.e2e.ts,Verdikt zuerst · Vorlagen — Desktop › /vorlagen/arbeitsvertrag,FANG-GEMISCHT,af058998e [kette;22c;P=1;specT=1;helperT=1;otherSpecT=1;gruen]
34054880415,2026-09-06,pull_request,739,e2e/tastatur.e2e.ts,Skip-Link: erstes Tab fokussiert «Zum Inhalt springen» und springt in den Inhalt,FLAKE-RETRY,06f5f32e0
34054880415,2026-09-06,pull_request,739,e2e/uinav-v2-v4-normchip.e2e.ts,"V2/V4 — Norm-Chip: Hover-Vorschau und interner href › (e) V4: Cmd-/Ctrl-Klick landet intern im eigenen Reader, nicht im Popover",FANG-GEMISCHT,af058998e [kette;22c;P=1;specT=1;helperT=1;otherSpecT=1;gruen]
34054880415,2026-09-06,pull_request,739,e2e/verweis-u.e2e.ts,A7 — strukturiertes Verweis-Popover (Wortlaut → Entscheide → Materialien) › SchKG → «Art. 20 OR»: Popover mit massgeblichen Entscheiden (Leitfall-Kanten),FANG-GEMISCHT,af058998e [kette;22c;P=1;specT=1;helperT=1;otherSpecT=1;gruen]
34054880415,2026-09-06,pull_request,739,e2e/verweis-u.e2e.ts,FN-3 — Präambel-Fussnoten inline (Marker + Kopf-Apparat-Anker) › OR-Ingress: Marker 1 verlinkt auf Kopf-Apparat #fn-kopf-1,FLAKE-RETRY,06f5f32e0
34066539241,2026-09-06,pull_request,739,e2e/leser-lesemass.e2e.ts,"T-1C · Zeilenmass 65–72 ch und EINE Textkante @1440 › VMWG @1440: eine linke Textkante, eine Breite, 65–72 ch",FANG-GEMISCHT,ff0e56df0 [kette;18c;P=1;specT=1;helperT=1;otherSpecT=1;gruen]
34066539241,2026-09-06,pull_request,739,e2e/leser-r1-r2.e2e.ts,"A9-DoD — Flüssigkeit unter CPU-Drossel 6× › Suche, Fundstellen-Sprung und Gliederungs-Sheet ohne Layout-Shift (CLS 0)",FANG-GEMISCHT,ff0e56df0 [kette;18c;P=1;specT=1;helperT=1;otherSpecT=1;gruen]
34066539241,2026-09-06,pull_request,739,e2e/leser-r1-r2.e2e.ts,Perf-Beweis am schweren Erlass (OR) › Der Suchmodus räumt den Volltext nicht mehr ab — kein Massen-Remount,FLAKE-RETRY,8b021d9f0
34066539241,2026-09-06,pull_request,739,e2e/leser-v3-suche-ohne-gliederung.e2e.ts,(e) das Öffnen verschiebt den Lesetext um 0 px — darum ein Blatt und keine aufziehende Spalte,FLAKE-RETRY,8b021d9f0
34066539241,2026-09-06,pull_request,739,e2e/popover-lesbar-d31.e2e.ts,D31 · Popover deckt und ist lesbar (dark) › (a)+(b)+(c) Entscheid-Vorschau am Bezugs-Chip,FLAKE-RETRY,8b021d9f0
34066539241,2026-09-06,pull_request,739,e2e/popover-lesbar-d31.e2e.ts,D31 · Popover deckt und ist lesbar (light) › (a)+(b)+(c) Entscheid-Vorschau am Bezugs-Chip,FLAKE-RETRY,8b021d9f0
34066539241,2026-09-06,pull_request,739,e2e/w224-r11-reiterleiste.e2e.ts,"R1 — die Leiste ist nicht trist › auch inaktive Reiter tragen ihre Registerfarbe (60 %), nicht Grau",FLAKE-RETRY,8b021d9f0
34066539241,2026-09-06,pull_request,739,e2e/w224-r11-reiterleiste.e2e.ts,"R3/R4 — das Überlauf-Blatt › Kurzform in der Zeile, Volltitel im title, keine Wappen/Piktogramme",FLAKE-RETRY,8b021d9f0
34111127560,2026-09-07,pull_request,744,e2e/gesetze-ux-9punkte.e2e.ts,Gesetze-UX 9 Punkte › P9: Gliederung markiert aktive Sektion beim Scrollen (Scroll-Spy),FLAKE-RETRY,711fced4b
34111127560,2026-09-07,pull_request,744,e2e/leser-ruecksprung-r5-r7.e2e.ts,R7 — Deep-Link-Skeleton › Einsprung über #art-… zeigt die Zielansage statt des Dokumentanfangs,FANG-GEMISCHT,c79e8e067 [kette;2c;P=1;specT=0;helperT=1;otherSpecT=0;gruen]
34111127560,2026-09-07,pull_request,744,e2e/leser-v3-panel-bezuege-wirkung.e2e.ts,V3-Panel · Bezüge-Facetten/Zeit — WIRKUNG (§7b Pos. 2) › Zurücksetzen hebt den Zeitraum auf,FANG-GEMISCHT,c79e8e067 [kette;2c;P=1;specT=0;helperT=1;otherSpecT=0;gruen]
34111127560,2026-09-07,pull_request,744,e2e/leser-v3-panel-bezuege-wirkung.e2e.ts,V3-Panel · Bezüge-Facetten/Zeit — WIRKUNG (§7b Pos. 2) › alle Facetten aus ⇒ keine Entscheide-Liste im Panel,FANG-GEMISCHT,c79e8e067 [kette;2c;P=1;specT=0;helperT=1;otherSpecT=0;gruen]
34111127560,2026-09-07,pull_request,744,e2e/leser-v3-panel-bezuege-wirkung.e2e.ts,"V3-Panel · Bezüge-Facetten/Zeit — WIRKUNG (§7b Pos. 2) › verdrehte Eingabe wird getauscht, nicht als leere Menge gedeutet",FANG-GEMISCHT,c79e8e067 [kette;2c;P=1;specT=0;helperT=1;otherSpecT=0;gruen]
34114787498,2026-09-07,push,main,e2e/gesetze-ia-v2-walks.e2e.ts,IA-1 · Named-Article-Klick-Beweis (§11.6 Punkt 2) › «OR 257d» → 1 Interaktion → Reader art-257_d im Viewport,FLAKE-MAIN,0c2fc3e06 [main-push; naechster gruener Push ohne Spec-Aenderung]
34114787498,2026-09-07,push,main,e2e/gesetze-ia-v2-walks.e2e.ts,IA-1 · Named-Article-Klick-Beweis (§11.6 Punkt 2) › «OR 336c» → 1 Interaktion → Reader art-336_c im Viewport,FLAKE-RETRY,d32e5bf80
34114787498,2026-09-07,push,main,e2e/leser-bezuege-inhalt-d30.e2e.ts,"D30 · Bezüge-Zeile: was gezählt wird, wird auch gezeigt › (a)+(b) OR 336c: Aufklappen zeigt Entscheide, der Zähler ist die Listenlänge",FLAKE-RETRY,d32e5bf80
34114787498,2026-09-07,push,main,e2e/w224-r11-reiterleiste.e2e.ts,"R1 — die Leiste ist nicht trist › auch inaktive Reiter tragen ihre Registerfarbe (60 %), nicht Grau",FLAKE-RETRY,d32e5bf80
34117385177,2026-09-07,pull_request,744,e2e/leser-history-hash.e2e.ts,"LM-199 — Zurück mit stehendem #hash: Leseposition, nicht Einstiegs-Anker › AIG#art-90 → zu Art. 5 gescrollt → StGB → Zurück ⇒ Art. 5 im Viewport (nicht Art. 90)",FANG-PRODUKT,2ce667b2b [kette;1c;P=1;specT=0;helperT=0;otherSpecT=1;gruen]
34125739371,2026-09-07,push,main,e2e/leser-d38-treffer-lesespalte.e2e.ts,(a) die Trefferliste liegt über der Lesespalte — und nirgends sonst,FLAKE-RETRY,c2b12f79f
34125739371,2026-09-07,push,main,e2e/leser-d38-treffer-lesespalte.e2e.ts,(b) die Gliederung bleibt während der Suche unverändert und bedienbar,FLAKE-RETRY,c2b12f79f
34125739371,2026-09-07,push,main,e2e/leser-d38-treffer-lesespalte.e2e.ts,"(c) Esc gibt den Text an genau der Stelle frei, an der er stand",FLAKE-RETRY,c2b12f79f
34125739371,2026-09-07,push,main,e2e/leser-d38-treffer-lesespalte.e2e.ts,(d) Umschalten Text↔Treffer verschiebt nichts — weder Kopf noch Text,FLAKE-RETRY,c2b12f79f
34125739371,2026-09-07,push,main,e2e/leser-d38-treffer-lesespalte.e2e.ts,(f) ↑↓ führen die laufende Fundstelle in der Liste mit,FLAKE-RETRY,c2b12f79f
34125739371,2026-09-07,push,main,e2e/leser-r1-r2.e2e.ts,"A9-DoD — Flüssigkeit unter CPU-Drossel 6× › Suche, Fundstellen-Sprung und Gliederungs-Sheet ohne Layout-Shift (CLS 0)",FLAKE-MAIN,575f8753d [main-push; naechster gruener Push ohne Spec-Aenderung]
34125739371,2026-09-07,push,main,e2e/leser-r1-r2.e2e.ts,Perf-Beweis am schweren Erlass (OR) › Der Suchmodus räumt den Volltext nicht mehr ab — kein Massen-Remount,FLAKE-RETRY,c2b12f79f
34125739371,2026-09-07,push,main,e2e/leser-v3-suche-ohne-gliederung.e2e.ts,(e) das Öffnen verschiebt den Lesetext um 0 px — darum eine Ebene und keine aufziehende Spalte,FLAKE-RETRY,c2b12f79f
34132707709,2026-09-07,pull_request,755,e2e/leser-v3-blatt.e2e.ts,"A2 — bei offenem Blatt bleibt die Bedienung im Blatt › (a) ⌘K fokussiert das Feld IM Blatt, und Tippen ist sichtbar",FLAKE-RETRY,a130f2512
34132707709,2026-09-07,pull_request,755,e2e/popover-lesbar-d31.e2e.ts,D31 · Popover deckt und ist lesbar (dark) › (a)+(b)+(c) Fussnoten-Popover über dem Gesetzestext,FANG-TEST,fb47b5402 [kette;1c;P=0;specT=1;helperT=0;otherSpecT=1;gruen]
34132707709,2026-09-07,pull_request,755,e2e/popover-lesbar-d31.e2e.ts,D31 · Popover deckt und ist lesbar (light) › (a)+(b)+(c) Fussnoten-Popover über dem Gesetzestext,FANG-TEST,fb47b5402 [kette;1c;P=0;specT=1;helperT=0;otherSpecT=1;gruen]
34132707709,2026-09-07,pull_request,755,e2e/w224-d35-f4-menue.e2e.ts,"D35-F4 — a11y des aufgezogenen Menüs › @1440: Rollen und Tastatur bleiben, wie D4 sie gesetzt hat",FANG-TEST,fb47b5402 [kette;1c;P=0;specT=1;helperT=0;otherSpecT=1;gruen]
34132707709,2026-09-07,pull_request,755,e2e/w224-d35-f4-menue.e2e.ts,"D35-F4 — der Aus-Zustand ist eine Form, keine Tintenstufe › @1440: jeder Schalter zeigt seine Marke in BEIDEN Stellungen",FANG-TEST,fb47b5402 [kette;1c;P=0;specT=1;helperT=0;otherSpecT=1;gruen]
34132707709,2026-09-07,pull_request,755,e2e/w224-r11-reiterleiste.e2e.ts,"R1 — die Leiste ist nicht trist › auch inaktive Reiter tragen ihre Registerfarbe (60 %), nicht Grau",FLAKE-RETRY,a130f2512
34132707709,2026-09-07,pull_request,755,e2e/w224-reiterverhalten.e2e.ts,"Arbeitsleiste — eine Navigation, ein Reiter › (d) ⌘/Ctrl+Enter in der Kopfsuche öffnet einen NEUEN Reiter",FLAKE-RETRY,a130f2512
34134684969,2026-09-07,pull_request,756,e2e/kein-abschnitt.e2e.ts,"R8 — Bericht & Tor › Report schreiben, keine nicht erlaubten Funde",FLAKE-RETRY,e95f51089
34134684969,2026-09-07,pull_request,756,e2e/leser-v3-split-a34-bugs.e2e.ts,"V3/A34/Bug1 (≥lg): Split-View öffnen erhält die Leseposition, springt NICHT auf den früheren Artikel",FANG-GEMISCHT,aa0f67223 [kette;4c;P=1;specT=1;helperT=1;otherSpecT=1;gruen]
34139830668,2026-09-07,pull_request,756,e2e/leser-v3-blatt.e2e.ts,"A3 — ⌘K bedient das Pane, in dem der Fokus steht › (c) im Split trifft das Kürzel nie das fremde Pane",FLAKE-RETRY,c6e1d63bf
34139830668,2026-09-07,pull_request,756,e2e/w224-r11-reiterleiste.e2e.ts,M8 — der Erlass-Kopf öffnet wirklich das Fenster › Klick auf «Daneben öffnen» erzeugt die zweite Pane-Spalte,FANG-GEMISCHT,bbaa4db59 [kette;2c;P=1;specT=0;helperT=1;otherSpecT=1;gruen]
34139830668,2026-09-07,pull_request,756,e2e/w224-r11-reiterleiste.e2e.ts,"R1 — die Leiste ist nicht trist › auch inaktive Reiter tragen ihre Registerfarbe (60 %), nicht Grau",FLAKE-RETRY,c6e1d63bf
34144765003,2026-09-07,push,main,e2e/gesetze-ia-v2-walks.e2e.ts,IA-1 · Named-Article-Klick-Beweis (§11.6 Punkt 2) › «OR 257d» → 1 Interaktion → Reader art-257_d im Viewport,FLAKE-RERUN,40c2e47e8 attempt1->2
34144765003,2026-09-07,push,main,e2e/gesetze-ia-v2-walks.e2e.ts,IA-1 · Named-Article-Klick-Beweis (§11.6 Punkt 2) › «OR 336c» → 1 Interaktion → Reader art-336_c im Viewport,FLAKE-RETRY,40c2e47e8
34144765003,2026-09-07,push,main,e2e/leser-v3-blatt.e2e.ts,"A2 — bei offenem Blatt bleibt die Bedienung im Blatt › (a) ⌘K fokussiert das Feld IM Blatt, und Tippen ist sichtbar",FLAKE-RETRY,40c2e47e8
34144765003,2026-09-07,push,main,e2e/w224-r11-reiterleiste.e2e.ts,"R1 — die Leiste ist nicht trist › auch inaktive Reiter tragen ihre Registerfarbe (60 %), nicht Grau",FLAKE-RETRY,40c2e47e8
34207680364,2026-09-08,pull_request,770,e2e/a11y-flaeche.e2e.ts,Fläche — /rechner/mietrecht ───────────────────────,OFFEN-PR-GESCHLOSSEN,- [kette;0c;P=0;specT=0;helperT=0;otherSpecT=0;nogruen]
34207680364,2026-09-08,pull_request,770,e2e/a11y-flaeche.e2e.ts,Fläche — /rechner/schkg-fristen ───────────────────,OFFEN-PR-GESCHLOSSEN,- [kette;0c;P=0;specT=0;helperT=0;otherSpecT=0;nogruen]
34207680364,2026-09-08,pull_request,770,e2e/a11y-flaeche.e2e.ts,Fläche — /rechner/zpo-fristen ─────────────────────,OFFEN-PR-GESCHLOSSEN,- [kette;0c;P=0;specT=0;helperT=0;otherSpecT=0;nogruen]
34207680364,2026-09-08,pull_request,770,e2e/a11y.e2e.ts,Arbeitsleiste mit Überlauf-Blatt ────────────────────────────,OFFEN-PR-GESCHLOSSEN,- [kette;0c;P=0;specT=0;helperT=0;otherSpecT=0;nogruen]
34207680364,2026-09-08,pull_request,770,e2e/a11y.e2e.ts,Tagerechner mit offenem Kalender-Popover ────────────────────,OFFEN-PR-GESCHLOSSEN,- [kette;0c;P=0;specT=0;helperT=0;otherSpecT=0;nogruen]
34207680364,2026-09-08,pull_request,770,e2e/a11y.e2e.ts,Tagerechner ─────────────────────────────────────────────────,OFFEN-PR-GESCHLOSSEN,- [kette;0c;P=0;specT=0;helperT=0;otherSpecT=0;nogruen]
34226958182,2026-09-08,pull_request,779,e2e/leser-r1-r2.e2e.ts,"S8 — Trefferliste in der Leiste, Lesespalte vollständig › Ohne aktive Suche kein Zähler, keine Tasten, kein Highlight — Normtext-DOM unverändert",FLAKE-RETRY,cf43fa55b
34226958182,2026-09-08,pull_request,779,e2e/leser-v3-blatt.e2e.ts,"A2 — bei offenem Blatt bleibt die Bedienung im Blatt › (a) ⌘K fokussiert das Feld IM Blatt, und Tippen ist sichtbar",FLAKE-RETRY,cf43fa55b
34226958182,2026-09-08,pull_request,779,e2e/leser-v3-suche-ohne-gliederung.e2e.ts,(e) das Öffnen verschiebt den Lesetext um 0 px — darum eine Ebene und keine aufziehende Spalte,FLAKE-RETRY,cf43fa55b
34226958182,2026-09-08,pull_request,779,e2e/w224-r11-reiterleiste.e2e.ts,"R1 — die Leiste ist nicht trist › auch inaktive Reiter tragen ihre Registerfarbe (60 %), nicht Grau",FLAKE-RETRY,cf43fa55b
34228495009,2026-09-08,workflow_dispatch,770,e2e/a11y-flaeche.e2e.ts,Fläche — /rechner/mietrecht ───────────────────────,OFFEN-PR-GESCHLOSSEN,- [kette;0c;P=0;specT=0;helperT=0;otherSpecT=0;nogruen]
34228495009,2026-09-08,workflow_dispatch,770,e2e/a11y-flaeche.e2e.ts,Fläche — /rechner/schkg-fristen ───────────────────,OFFEN-PR-GESCHLOSSEN,- [kette;0c;P=0;specT=0;helperT=0;otherSpecT=0;nogruen]
34228495009,2026-09-08,workflow_dispatch,770,e2e/a11y-flaeche.e2e.ts,Fläche — /rechner/zpo-fristen ─────────────────────,OFFEN-PR-GESCHLOSSEN,- [kette;0c;P=0;specT=0;helperT=0;otherSpecT=0;nogruen]
34228495009,2026-09-08,workflow_dispatch,770,e2e/a11y.e2e.ts,Dunkel — Tagerechner ────────────────────────────────────────,OFFEN-PR-GESCHLOSSEN,- [kette;0c;P=0;specT=0;helperT=0;otherSpecT=0;nogruen]
34228495009,2026-09-08,workflow_dispatch,770,e2e/a11y.e2e.ts,Tagerechner mit offenem Kalender-Popover ────────────────────,OFFEN-PR-GESCHLOSSEN,- [kette;0c;P=0;specT=0;helperT=0;otherSpecT=0;nogruen]
34228495009,2026-09-08,workflow_dispatch,770,e2e/a11y.e2e.ts,Tagerechner ─────────────────────────────────────────────────,OFFEN-PR-GESCHLOSSEN,- [kette;0c;P=0;specT=0;helperT=0;otherSpecT=0;nogruen]
34231123731,2026-09-08,pull_request,779,e2e/leser-r1-r2.e2e.ts,"S8 — Trefferliste in der Leiste, Lesespalte vollständig › Ohne aktive Suche kein Zähler, keine Tasten, kein Highlight — Normtext-DOM unverändert",FLAKE-RETRY,64ee03f4b
34231123731,2026-09-08,pull_request,779,e2e/leser-v3-suche-ohne-gliederung.e2e.ts,(e) das Öffnen verschiebt den Lesetext um 0 px — darum eine Ebene und keine aufziehende Spalte,FLAKE-RETRY,64ee03f4b
34231123731,2026-09-08,pull_request,779,e2e/w224-r11-reiterleiste.e2e.ts,"R1 — die Leiste ist nicht trist › auch inaktive Reiter tragen ihre Registerfarbe (60 %), nicht Grau",FLAKE-RETRY,64ee03f4b
34231123731,2026-09-08,pull_request,779,e2e/w224-reiterverhalten.e2e.ts,"Arbeitsleiste — eine Navigation, ein Reiter › (d) ⌘/Ctrl+Enter in der Kopfsuche öffnet einen NEUEN Reiter",FLAKE-RETRY,64ee03f4b
34237307203,2026-09-08,pull_request,779,e2e/leser-r1-r2.e2e.ts,"S8 — Trefferliste in der Leiste, Lesespalte vollständig › Ohne aktive Suche kein Zähler, keine Tasten, kein Highlight — Normtext-DOM unverändert",FLAKE-RETRY,dc1fba8ef
34237307203,2026-09-08,pull_request,779,e2e/leser-v3-blatt.e2e.ts,"A2 — bei offenem Blatt bleibt die Bedienung im Blatt › (a) ⌘K fokussiert das Feld IM Blatt, und Tippen ist sichtbar",FLAKE-RETRY,dc1fba8ef
34237307203,2026-09-08,pull_request,779,e2e/leser-v3-panel-zaehler.e2e.ts,"H3 — Zähler, Lasche, F8-Regel › (d) die Taste «r» zieht das Blatt auf, Esc schliesst es",FLAKE-RETRY,dc1fba8ef
34237307203,2026-09-08,pull_request,779,e2e/leser-v3-suche-ohne-gliederung.e2e.ts,(e) das Öffnen verschiebt den Lesetext um 0 px — darum eine Ebene und keine aufziehende Spalte,FLAKE-RETRY,dc1fba8ef
34237307203,2026-09-08,pull_request,779,e2e/w224-r11-reiterleiste.e2e.ts,"R1 — die Leiste ist nicht trist › auch inaktive Reiter tragen ihre Registerfarbe (60 %), nicht Grau",FLAKE-RETRY,dc1fba8ef
34246217673,2026-09-08,pull_request,783,e2e/leser-v3-suche-ohne-gliederung.e2e.ts,(e) das Öffnen verschiebt den Lesetext um 0 px — darum eine Ebene und keine aufziehende Spalte,FLAKE-RETRY,a219f40a2
34246217673,2026-09-08,pull_request,783,e2e/w224-r11-reiterleiste.e2e.ts,"R1 — die Leiste ist nicht trist › auch inaktive Reiter tragen ihre Registerfarbe (60 %), nicht Grau",FLAKE-RETRY,a219f40a2
34651638933,2026-09-11,pull_request,798,e2e/entstehung-synopse-leser.e2e.ts,W2·6c-SYNOPSE-LESER · Fassungsvergleich am Artikel › (b) der Vergleich zeigt die geänderten Wörter — und seinen Zitat-Nachweis,FANG-GEMISCHT,95a9dce89 [kette;10c;P=1;specT=1;helperT=0;otherSpecT=0;gruen]
34651638933,2026-09-11,pull_request,798,e2e/entstehung-synopse-leser.e2e.ts,W2·6c-SYNOPSE-LESER · Fassungsvergleich am Artikel › (c) vor 2021 und ohne Fussnoten-Ereignis sagt die Karte genau das,FANG-GEMISCHT,95a9dce89 [kette;10c;P=1;specT=1;helperT=0;otherSpecT=0;gruen]
34651638933,2026-09-11,pull_request,798,e2e/verweis-u.e2e.ts,FN-3 — Präambel-Fussnoten inline (Marker + Kopf-Apparat-Anker) › OR-Ingress: Marker 1 verlinkt auf Kopf-Apparat #fn-kopf-1,FLAKE-RETRY,454b6982c
34655009449,2026-09-11,pull_request,798,e2e/entstehung-synopse-leser.e2e.ts,W2·6c-SYNOPSE-LESER · Fassungsvergleich am Artikel › (b) der Vergleich zeigt die geänderten Wörter — und seinen Zitat-Nachweis,FANG-GEMISCHT,2826a056b [kette;7c;P=1;specT=1;helperT=0;otherSpecT=0;gruen]
34655009449,2026-09-11,pull_request,798,e2e/entstehung-synopse-leser.e2e.ts,W2·6c-SYNOPSE-LESER · Fassungsvergleich am Artikel › (c) vor 2021 und ohne Fussnoten-Ereignis sagt die Karte genau das,FANG-GEMISCHT,2826a056b [kette;7c;P=1;specT=1;helperT=0;otherSpecT=0;gruen]
34655009449,2026-09-11,pull_request,798,e2e/verweis-u.e2e.ts,FN-3 — Präambel-Fussnoten inline (Marker + Kopf-Apparat-Anker) › OR-Ingress: Marker 1 verlinkt auf Kopf-Apparat #fn-kopf-1,FLAKE-RETRY,ba3e52470
34658704141,2026-09-11,pull_request,798,e2e/entstehung-synopse-leser.e2e.ts,W2·6c-SYNOPSE-LESER · Fassungsvergleich am Artikel › (b) der Vergleich zeigt die geänderten Wörter — und seinen Zitat-Nachweis,FANG-TEST,f79314674 [kette;1c;P=0;specT=1;helperT=0;otherSpecT=0;gruen]
34658704141,2026-09-11,pull_request,798,e2e/entstehung-synopse-leser.e2e.ts,W2·6c-SYNOPSE-LESER · Fassungsvergleich am Artikel › (c) vor 2021 und ohne Fussnoten-Ereignis sagt die Karte genau das,FANG-TEST,f79314674 [kette;1c;P=0;specT=1;helperT=0;otherSpecT=0;gruen]
34658704141,2026-09-11,pull_request,798,e2e/entstehung-synopse-leser.e2e.ts,"W2·6c-SYNOPSE-LESER · Fassungsvergleich am Artikel › (d) @320 px: eine Spalte, kein Überlauf, kein Sprung der Artikel darüber",FLAKE-RETRY,f3ae638e0
34658704141,2026-09-11,pull_request,798,e2e/verweis-u.e2e.ts,FN-3 — Präambel-Fussnoten inline (Marker + Kopf-Apparat-Anker) › OR-Ingress: Marker 1 verlinkt auf Kopf-Apparat #fn-kopf-1,FLAKE-RETRY,f3ae638e0
34672252414,2026-09-12,pull_request,807,e2e/kein-abschnitt.e2e.ts,"R8 — Bericht & Tor › Report schreiben, keine nicht erlaubten Funde",FANG-PRODUKT,1f4d20d7e [kette;1c;P=1;specT=0;helperT=0;otherSpecT=1;gruen]
34673059827,2026-09-12,pull_request,808,e2e/gesetze-ia-v2-walks.e2e.ts,IA-1 · Named-Article-Klick-Beweis (§11.6 Punkt 2) › «OR 257d» → 1 Interaktion → Reader art-257_d im Viewport,FLAKE-RETRY,1aebbaa30
34673059827,2026-09-12,pull_request,808,e2e/gesetze-ia-v2-walks.e2e.ts,IA-1 · Named-Article-Klick-Beweis (§11.6 Punkt 2) › «OR 336c» → 1 Interaktion → Reader art-336_c im Viewport,FLAKE-RERUN,1aebbaa30 attempt1->2
34683284449,2026-09-12,pull_request,816,e2e/leser-r1-r2.e2e.ts,"S8 — Trefferliste in der Leiste, Lesespalte vollständig › Ohne aktive Suche kein Zähler, keine Tasten, kein Highlight — Normtext-DOM unverändert",FLAKE-RETRY,48cfa822b
34683284449,2026-09-12,pull_request,816,e2e/rechtsprechung.e2e.ts,"Reader (über Klick aus der Übersicht) › öffnet einen Entscheid mit Kopf, Abschnitten und Provenienz",FANG-GEMISCHT,af88c2c7d [kette;2c;P=1;specT=1;helperT=0;otherSpecT=0;gruen]
34750226896,2026-09-13,pull_request,842,e2e/kein-abschnitt.e2e.ts,"R8 — Bericht & Tor › Report schreiben, keine nicht erlaubten Funde",FANG-PRODUKT,736f1a9ff [kette;1c;P=1;specT=0;helperT=0;otherSpecT=0;gruen]
34783413401,2026-09-13,pull_request,844,e2e/leser-v3-blatt.e2e.ts,"A3 — ⌘K bedient das Pane, in dem der Fokus steht › (c) im Split trifft das Kürzel nie das fremde Pane",FLAKE-RETRY,c020885a5
34783413401,2026-09-13,pull_request,844,e2e/w224-l6-panekopf.e2e.ts,"L6 — der Pane-Kopf nennt die Kurzform (Entscheid David 7.9.2026) › @1440 Split: der Name ist der Reiter-Text, Lesestellung inbegriffen",FANG-TEST,95cb109ef [kette;1c;P=0;specT=1;helperT=0;otherSpecT=0;gruen]
34829397915,2026-09-14,pull_request,854,e2e/a11y.e2e.ts,Gesetze — Reader BS-640.100 (dunkel) ────────────────────────,FANG-GEMISCHT,5b1ec4df5 [zeit;4c;P=1;specT=0;helperT=1;otherSpecT=1;gruen]
34829397915,2026-09-14,pull_request,854,e2e/a11y.e2e.ts,Gesetze — Reader BS-640.100 ─────────────────────────────────,FANG-GEMISCHT,5b1ec4df5 [zeit;4c;P=1;specT=0;helperT=1;otherSpecT=1;gruen]
34829397915,2026-09-14,pull_request,854,e2e/leser-v3-blatt.e2e.ts,"A2 — bei offenem Blatt bleibt die Bedienung im Blatt › (a) ⌘K fokussiert das Feld IM Blatt, und Tippen ist sichtbar",FLAKE-RETRY,5aa076eec
34831972309,2026-09-14,pull_request,855,e2e/w224-reiter-umordnen-d16.e2e.ts,"W2·25 — Anheften sortiert den Speicher, die Zonengrenze lehnt ab › INNERHALB der freien Zone zieht es weiter wie vor W2·25 (D16 unberührt)",OFFEN-FANG-PRODUKT,ed3818959 [kette;1c;P=1;specT=0;helperT=0;otherSpecT=0;nogruen]
34834707258,2026-09-14,pull_request,855,e2e/verweis-u.e2e.ts,FN-3 — Präambel-Fussnoten inline (Marker + Kopf-Apparat-Anker) › OR-Ingress: Marker 1 verlinkt auf Kopf-Apparat #fn-kopf-1,FLAKE-RETRY,ed3818959
34834707258,2026-09-14,pull_request,855,e2e/w224-reiter-umordnen-d16.e2e.ts,"W2·25 — Anheften sortiert den Speicher, die Zonengrenze lehnt ab › INNERHALB der freien Zone zieht es weiter wie vor W2·25 (D16 unberührt)",OFFEN-PR-GESCHLOSSEN,- [kette;0c;P=0;specT=0;helperT=0;otherSpecT=0;nogruen]
34837432792,2026-09-14,pull_request,860,e2e/leser-v3-kopfzeile.e2e.ts,A-2 — unter ?leser=v3 trägt der Leser die eine Kopfzeile › (i) V1 · pdf-embed (EMRK): App-Krume und ✕ sind da,FANG-GEMISCHT,06e7f740f [kette;9c;P=1;specT=1;helperT=0;otherSpecT=1;gruen]
34837432792,2026-09-14,pull_request,860,e2e/leser-v3-suche-ohne-gliederung.e2e.ts,(e) das Öffnen verschiebt den Lesetext um 0 px — darum eine Ebene und keine aufziehende Spalte,FLAKE-RETRY,3c68db975
34837432792,2026-09-14,pull_request,860,e2e/materialien-register-shards.e2e.ts,"FR + Übersetzungen erreichbar: übersetzter Titel, kein Hinweis, kein lang-Attribut",FANG-GEMISCHT,06e7f740f [kette;9c;P=1;specT=1;helperT=0;otherSpecT=1;gruen]
34837432792,2026-09-14,pull_request,860,e2e/materialien-register-shards.e2e.ts,"FR + Übersetzungen nicht erreichbar: sichtbarer Hinweis, Titel als deutsch ausgezeichnet",FANG-GEMISCHT,06e7f740f [kette;9c;P=1;specT=1;helperT=0;otherSpecT=1;gruen]
34837432792,2026-09-14,pull_request,860,e2e/materialien-register-shards.e2e.ts,"Kontext-Panel auf Französisch: FR/IT-Titel werden nachgeladen, Provenienz nie",FANG-GEMISCHT,06e7f740f [kette;9c;P=1;specT=1;helperT=0;otherSpecT=1;gruen]
34837432792,2026-09-14,pull_request,860,e2e/w224-reiter-umordnen-d16.e2e.ts,"W2·25 — Anheften sortiert den Speicher, die Zonengrenze lehnt ab › INNERHALB der freien Zone zieht es weiter wie vor W2·25 (D16 unberührt)",FLAKE-RETRY,3c68db975
34837942934,2026-09-14,pull_request,859,e2e/w224-reiter-umordnen-d16.e2e.ts,"W2·25 — Anheften sortiert den Speicher, die Zonengrenze lehnt ab › INNERHALB der freien Zone zieht es weiter wie vor W2·25 (D16 unberührt)",FLAKE-RERUN,cc0b7c493 attempt1->2
34840958328,2026-09-14,pull_request,860,e2e/leser-v3-kopfzeile.e2e.ts,A-2 — unter ?leser=v3 trägt der Leser die eine Kopfzeile › (i) V1 · pdf-embed (EMRK): App-Krume und ✕ sind da,FANG-GEMISCHT,461c84cec [kette;5c;P=1;specT=1;helperT=0;otherSpecT=1;gruen]
34840958328,2026-09-14,pull_request,860,e2e/materialien-register-shards.e2e.ts,"FR + Übersetzungen erreichbar: übersetzter Titel, kein Hinweis, kein lang-Attribut",FANG-GEMISCHT,461c84cec [kette;5c;P=1;specT=1;helperT=0;otherSpecT=1;gruen]
34840958328,2026-09-14,pull_request,860,e2e/materialien-register-shards.e2e.ts,"FR + Übersetzungen nicht erreichbar: sichtbarer Hinweis, Titel als deutsch ausgezeichnet",FANG-GEMISCHT,461c84cec [kette;5c;P=1;specT=1;helperT=0;otherSpecT=1;gruen]
34840958328,2026-09-14,pull_request,860,e2e/materialien-register-shards.e2e.ts,"Kontext-Panel auf Französisch: FR/IT-Titel werden nachgeladen, Provenienz nie",FANG-GEMISCHT,461c84cec [kette;5c;P=1;specT=1;helperT=0;otherSpecT=1;gruen]
34840958328,2026-09-14,pull_request,860,e2e/w224-reiter-umordnen-d16.e2e.ts,"W2·25 — Anheften sortiert den Speicher, die Zonengrenze lehnt ab › INNERHALB der freien Zone zieht es weiter wie vor W2·25 (D16 unberührt)",FLAKE-RETRY,df8e90fc1
34843993957,2026-09-14,pull_request,860,e2e/leser-v3-kopfzeile.e2e.ts,A-2 — unter ?leser=v3 trägt der Leser die eine Kopfzeile › (i) V1 · pdf-embed (EMRK): App-Krume und ✕ sind da,FANG-GEMISCHT,d23b230c3 [kette;3c;P=1;specT=1;helperT=0;otherSpecT=1;gruen]
34843993957,2026-09-14,pull_request,860,e2e/leser-v3-suche-ohne-gliederung.e2e.ts,(e) das Öffnen verschiebt den Lesetext um 0 px — darum eine Ebene und keine aufziehende Spalte,FLAKE-RETRY,8127b0aee
34843993957,2026-09-14,pull_request,860,e2e/materialien-register-shards.e2e.ts,"FR + Übersetzungen erreichbar: übersetzter Titel, kein Hinweis, kein lang-Attribut",FANG-GEMISCHT,d23b230c3 [kette;3c;P=1;specT=1;helperT=0;otherSpecT=1;gruen]
34843993957,2026-09-14,pull_request,860,e2e/materialien-register-shards.e2e.ts,"FR + Übersetzungen nicht erreichbar: sichtbarer Hinweis, Titel als deutsch ausgezeichnet",FANG-GEMISCHT,d23b230c3 [kette;3c;P=1;specT=1;helperT=0;otherSpecT=1;gruen]
34843993957,2026-09-14,pull_request,860,e2e/materialien-register-shards.e2e.ts,"Kontext-Panel auf Französisch: FR/IT-Titel werden nachgeladen, Provenienz nie",FANG-GEMISCHT,d23b230c3 [kette;3c;P=1;specT=1;helperT=0;otherSpecT=1;gruen]
34843993957,2026-09-14,pull_request,860,e2e/verweis-u.e2e.ts,FN-3 — Präambel-Fussnoten inline (Marker + Kopf-Apparat-Anker) › OR-Ingress: Marker 1 verlinkt auf Kopf-Apparat #fn-kopf-1,FLAKE-RETRY,8127b0aee
34843993957,2026-09-14,pull_request,860,e2e/w224-reiter-umordnen-d16.e2e.ts,"W2·25 — Anheften sortiert den Speicher, die Zonengrenze lehnt ab › INNERHALB der freien Zone zieht es weiter wie vor W2·25 (D16 unberührt)",FANG-PRODUKT,d23b230c3 [kette;1c;P=1;specT=0;helperT=0;otherSpecT=0;gruen]
34846442441,2026-09-14,pull_request,860,e2e/leser-v3-kopfzeile.e2e.ts,A-2 — unter ?leser=v3 trägt der Leser die eine Kopfzeile › (i) V1 · pdf-embed (EMRK): App-Krume und ✕ sind da,FANG-TEST,57e21aadc [kette;2c;P=0;specT=1;helperT=0;otherSpecT=1;gruen]
34846442441,2026-09-14,pull_request,860,e2e/leser-v3-suche-ohne-gliederung.e2e.ts,(e) das Öffnen verschiebt den Lesetext um 0 px — darum eine Ebene und keine aufziehende Spalte,FLAKE-RETRY,d23b230c3
34846442441,2026-09-14,pull_request,860,e2e/materialien-register-shards.e2e.ts,"FR + Übersetzungen erreichbar: übersetzter Titel, kein Hinweis, kein lang-Attribut",FANG-TEST,57e21aadc [kette;2c;P=0;specT=1;helperT=0;otherSpecT=1;gruen]
34846442441,2026-09-14,pull_request,860,e2e/materialien-register-shards.e2e.ts,"FR + Übersetzungen nicht erreichbar: sichtbarer Hinweis, Titel als deutsch ausgezeichnet",FANG-TEST,57e21aadc [kette;2c;P=0;specT=1;helperT=0;otherSpecT=1;gruen]
34846442441,2026-09-14,pull_request,860,e2e/materialien-register-shards.e2e.ts,"Kontext-Panel auf Französisch: FR/IT-Titel werden nachgeladen, Provenienz nie",FANG-TEST,57e21aadc [kette;2c;P=0;specT=1;helperT=0;otherSpecT=1;gruen]
34856591838,2026-09-14,pull_request,864,e2e/w224-reiter-umordnen-d16.e2e.ts,"W2·25 — Anheften sortiert den Speicher, die Zonengrenze lehnt ab › INNERHALB der freien Zone zieht es weiter wie vor W2·25 (D16 unberührt)",FLAKE-GEMERGT-OHNE-FIX,- [kette;0c;P=0;specT=0;helperT=0;otherSpecT=0;gruen]
35445618485,2026-09-19,pull_request,917,e2e/leser-r1-r2.e2e.ts,"S8 — Trefferliste in der Leiste, Lesespalte vollständig › Ohne aktive Suche kein Zähler, keine Tasten, kein Highlight — Normtext-DOM unverändert",FLAKE-RERUN,c5e57d23c attempt2->3
35445618485,2026-09-19,pull_request,917,e2e/rechtsprechung.e2e.ts,Kanton BS — Register-Facette und Reader › Facette «Gemeinwesen: BS» filtert; Liste bleibt DOM-gedeckelt («Weitere anzeigen»),FLAKE-RETRY,c5e57d23c
35445618485,2026-09-19,pull_request,917,e2e/uinav-j-rechtsprechung.e2e.ts,W2·10-UI-NAV-J · Rechtsprechungs-Seiten › Treffer → Detail → zurück: geladene Menge UND Position überleben,FLAKE-RETRY,c5e57d23c
35446096677,2026-09-19,pull_request,918,e2e/a11y-flaeche.e2e.ts,Fläche — /rechner/mietrecht ───────────────────────,OFFEN-UNKLAR-NURANDERES,cc6fd090f [zeit;1c;P=0;specT=0;helperT=0;otherSpecT=0;nogruen]
35446096677,2026-09-19,pull_request,918,e2e/a11y-flaeche.e2e.ts,Fläche — /rechner/schkg-fristen ───────────────────,OFFEN-UNKLAR-NURANDERES,cc6fd090f [zeit;1c;P=0;specT=0;helperT=0;otherSpecT=0;nogruen]
35446096677,2026-09-19,pull_request,918,e2e/a11y-flaeche.e2e.ts,Fläche — /rechner/zpo-fristen ─────────────────────,OFFEN-UNKLAR-NURANDERES,cc6fd090f [zeit;1c;P=0;specT=0;helperT=0;otherSpecT=0;nogruen]
35446096677,2026-09-19,pull_request,918,e2e/a11y.e2e.ts,Arbeitsleiste mit Überlauf-Blatt ────────────────────────────,OFFEN-UNKLAR-NURANDERES,cc6fd090f [zeit;1c;P=0;specT=0;helperT=0;otherSpecT=0;nogruen]
35446096677,2026-09-19,pull_request,918,e2e/a11y.e2e.ts,Tagerechner mit offenem Kalender-Popover ────────────────────,OFFEN-UNKLAR-NURANDERES,cc6fd090f [zeit;1c;P=0;specT=0;helperT=0;otherSpecT=0;nogruen]
35446096677,2026-09-19,pull_request,918,e2e/a11y.e2e.ts,Tagerechner ─────────────────────────────────────────────────,OFFEN-UNKLAR-NURANDERES,cc6fd090f [zeit;1c;P=0;specT=0;helperT=0;otherSpecT=0;nogruen]
35446174293,2026-09-19,pull_request,920,e2e/leser-r1-r2.e2e.ts,"S8 — Trefferliste in der Leiste, Lesespalte vollständig › Ohne aktive Suche kein Zähler, keine Tasten, kein Highlight — Normtext-DOM unverändert",FLAKE-RERUN,e67f4c213 attempt1->2
35446174293,2026-09-19,pull_request,920,e2e/uinav-j-rechtsprechung.e2e.ts,W2·10-UI-NAV-J · Rechtsprechungs-Seiten › Treffer → Detail → zurück: geladene Menge UND Position überleben,FLAKE-RETRY,e67f4c213
35452417283,2026-09-19,pull_request,926,e2e/leser-r1-r2.e2e.ts,"S8 — Trefferliste in der Leiste, Lesespalte vollständig › Ohne aktive Suche kein Zähler, keine Tasten, kein Highlight — Normtext-DOM unverändert",FLAKE-GEMERGT-OHNE-FIX,- [kette;0c;P=0;specT=0;helperT=0;otherSpecT=0;gruen]
35452417283,2026-09-19,pull_request,926,e2e/uinav-j-rechtsprechung.e2e.ts,W2·10-UI-NAV-J · Rechtsprechungs-Seiten › Treffer → Detail → zurück: geladene Menge UND Position überleben,FLAKE-RETRY,96898f6ef
35455990131,2026-09-19,pull_request,918,e2e/a11y-flaeche.e2e.ts,Fläche — /rechner/mietrecht ───────────────────────,OFFEN-PR-GESCHLOSSEN,- [kette;0c;P=0;specT=0;helperT=0;otherSpecT=0;nogruen]
35455990131,2026-09-19,pull_request,918,e2e/a11y-flaeche.e2e.ts,Fläche — /rechner/schkg-fristen ───────────────────,OFFEN-PR-GESCHLOSSEN,- [kette;0c;P=0;specT=0;helperT=0;otherSpecT=0;nogruen]
35455990131,2026-09-19,pull_request,918,e2e/a11y-flaeche.e2e.ts,Fläche — /rechner/zpo-fristen ─────────────────────,OFFEN-PR-GESCHLOSSEN,- [kette;0c;P=0;specT=0;helperT=0;otherSpecT=0;nogruen]
35455990131,2026-09-19,pull_request,918,e2e/a11y.e2e.ts,Dunkel — Tagerechner ────────────────────────────────────────,OFFEN-PR-GESCHLOSSEN,- [kette;0c;P=0;specT=0;helperT=0;otherSpecT=0;nogruen]
35455990131,2026-09-19,pull_request,918,e2e/a11y.e2e.ts,Tagerechner mit offenem Kalender-Popover ────────────────────,OFFEN-PR-GESCHLOSSEN,- [kette;0c;P=0;specT=0;helperT=0;otherSpecT=0;nogruen]
35455990131,2026-09-19,pull_request,918,e2e/a11y.e2e.ts,Tagerechner ─────────────────────────────────────────────────,OFFEN-PR-GESCHLOSSEN,- [kette;0c;P=0;specT=0;helperT=0;otherSpecT=0;nogruen]
35513023881,2026-09-20,pull_request,918,e2e/a11y-flaeche.e2e.ts,Fläche — /rechner/mietrecht ───────────────────────,OFFEN-PR-GESCHLOSSEN,- [kette;0c;P=0;specT=0;helperT=0;otherSpecT=0;nogruen]
35513023881,2026-09-20,pull_request,918,e2e/a11y-flaeche.e2e.ts,Fläche — /rechner/schkg-fristen ───────────────────,OFFEN-PR-GESCHLOSSEN,- [kette;0c;P=0;specT=0;helperT=0;otherSpecT=0;nogruen]
35513023881,2026-09-20,pull_request,918,e2e/a11y-flaeche.e2e.ts,Fläche — /rechner/zpo-fristen ─────────────────────,OFFEN-PR-GESCHLOSSEN,- [kette;0c;P=0;specT=0;helperT=0;otherSpecT=0;nogruen]
35513023881,2026-09-20,pull_request,918,e2e/a11y.e2e.ts,Arbeitsleiste mit Überlauf-Blatt ────────────────────────────,OFFEN-PR-GESCHLOSSEN,- [kette;0c;P=0;specT=0;helperT=0;otherSpecT=0;nogruen]
35513023881,2026-09-20,pull_request,918,e2e/a11y.e2e.ts,Tagerechner mit offenem Kalender-Popover ────────────────────,OFFEN-PR-GESCHLOSSEN,- [kette;0c;P=0;specT=0;helperT=0;otherSpecT=0;nogruen]
35513023881,2026-09-20,pull_request,918,e2e/a11y.e2e.ts,Tagerechner ─────────────────────────────────────────────────,OFFEN-PR-GESCHLOSSEN,- [kette;0c;P=0;specT=0;helperT=0;otherSpecT=0;nogruen]
35779952911,2026-09-22,pull_request,977,e2e/leser-suche-a35-a40-a41.e2e.ts,A35 — In-Gesetz-Suche in der Kopfzeile + Treffer-Highlight › «Vertrag» im OR wird im Treffertext gehighlighted (CSS Custom Highlight API),FLAKE-RETRY,e8ce81e27
35779952911,2026-09-22,pull_request,977,e2e/norm-sprung.e2e.ts,Norm-Sprung in der normalen Suchleiste (A5) › BGE ohne Präfix «152 II 19» springt ebenfalls,FLAKE-RETRY,e8ce81e27
35779952911,2026-09-22,pull_request,977,e2e/rechtsprechung.e2e.ts,Kanton BS — Register-Facette und Reader › Facette «Gemeinwesen: BS» filtert; Liste bleibt DOM-gedeckelt («Weitere anzeigen»),FLAKE-RETRY,e8ce81e27
35801504874,2026-09-23,merge_group,983,e2e/d39-begruessung.e2e.ts,Gruss pro Besuch (Entscheid David 16.9.2026 «a») › kein Tausch: der vor dem ersten Paint gesetzte Gruss bleibt nach vollständigem Laden stehen,FLAKE-RETRY,ce02d9f8f
35804826179,2026-09-23,merge_group,984,e2e/leser-marken-geometrie.e2e.ts,"Ä62 · die Fussnotenmarke bleibt am Wort, nie allein am Zeilenanfang › StGB V3: keine Marken-Waise",FLAKE-RETRY,4dc81ca40
35809542501,2026-09-23,pull_request,986,e2e/leser-marke-mitlaufen.e2e.ts,W2·5m — Standort-Marke läuft beim Lesen mit › OR — der markierte Eintrag bleibt im Sichtfeld der Gliederung,FLAKE-RETRY,be1ec8f68
35814354752,2026-09-23,pull_request,988,e2e/leser-marke-mitlaufen.e2e.ts,W2·5m — Standort-Marke läuft beim Lesen mit › OR — der markierte Eintrag bleibt im Sichtfeld der Gliederung,FLAKE-RETRY,c11a4bce0
35815367580,2026-09-23,merge_group,986,e2e/leser-v3-panel-erwaegungssprung.e2e.ts,V3-Panel: ZGB Art. 684 → BGE 151 III 377 landet auf der Erwägung,FLAKE-RETRY,de9b4152e
35815367580,2026-09-23,merge_group,986,e2e/leser-v3-panel-kurztext.e2e.ts,"V3-Panel · Kurztext-Popover am Entscheid-Chip › Chip zeigt den Kurztext auf Hover + Tastatur, Esc schliesst",FLAKE-RETRY,de9b4152e
35815367580,2026-09-23,merge_group,986,e2e/leser-v3-seitenleiste-ordnung.e2e.ts,"Kap. 4b — feste Reihenfolge der Seitenleiste › (b) die Übersicht scrollt weg, der Baum-Kopf klebt (sticky) — OR, dessen Leisteninhalt die Spalte übersteigt",FANG-PRODUKT,d60cfa62d [zeit;7c;P=1;specT=0;helperT=0;otherSpecT=0;gruen]
35815367580,2026-09-23,merge_group,986,e2e/leser-v3-seitenleiste-ordnung.e2e.ts,"Kap. 4b — feste Reihenfolge der Seitenleiste › (c) «alles auf» klappt alle Gliederungsstufen auf und wird zu «alles zu» (OR, zunächst zugeklappt)",FANG-PRODUKT,d60cfa62d [zeit;7c;P=1;specT=0;helperT=0;otherSpecT=0;gruen]
35815367580,2026-09-23,merge_group,986,e2e/split-erwaegungssprung.e2e.ts,Gesetz IM Pane: Chip-Klick navigiert pane-lokal auf die Erwägung,FLAKE-RETRY,de9b4152e
35815367580,2026-09-23,merge_group,986,e2e/split-erwaegungssprung.e2e.ts,⧉ öffnet den Entscheid als Pane — und das Pane steht auf der Erwägung,FLAKE-RETRY,de9b4152e
35868822283,2026-09-23,pull_request,998,e2e/split-erwaegungssprung.e2e.ts,⧉ öffnet den Entscheid als Pane — und das Pane steht auf der Erwägung,FLAKE-RETRY,2c967d68a
35874144054,2026-09-23,pull_request,1001,e2e/entstehung-karte-e3.e2e.ts,W2·6c-E3 · Entstehung am Artikel › (c) ohne erfasste Entstehung sagt die Karte genau das,FANG-GEMISCHT,899679949 [zeit;15c;P=1;specT=1;helperT=0;otherSpecT=0;gruen]
35875476644,2026-09-23,pull_request,1002,e2e/leser-v3-scrim-b7n1.e2e.ts,S6-W1a · Hülle des Erlass-Blatts › D-7 @390: Wischen nach unten an der Griffleiste schliesst,FLAKE-RETRY,f938c7712
35877311824,2026-09-23,pull_request,1001,e2e/entstehung-karte-e3.e2e.ts,W2·6c-E3 · Entstehung am Artikel › (c) ohne erfasste Entstehung sagt die Karte genau das,FANG-TEST,88967265f [kette;2c;P=0;specT=1;helperT=0;otherSpecT=0;gruen]
35877640481,2026-09-23,pull_request,1003,e2e/d39-begruessung.e2e.ts,Gruss pro Besuch (Entscheid David 16.9.2026 «a») › kein Tausch: der vor dem ersten Paint gesetzte Gruss bleibt nach vollständigem Laden stehen,FLAKE-RETRY,9724af639
35878682398,2026-09-23,pull_request,1006,e2e/leser-optionen.e2e.ts,Options-Leiste: die Änderungs-Wahl + sechs Rubriken-Schalter — «Linien» und «Verweise» entfallen,FANG-GEMISCHT,e212d6b9a [zeit;11c;P=1;specT=1;helperT=1;otherSpecT=1;gruen]
35878819820,2026-09-23,pull_request,1001,e2e/entstehung-karte-e3.e2e.ts,W2·6c-E3 · Entstehung am Artikel › (c) ohne erfasste Entstehung sagt die Karte genau das,FANG-TEST,88967265f [kette;1c;P=0;specT=1;helperT=0;otherSpecT=0;gruen]
35897193063,2026-09-23,merge_group,1015,e2e/leser-v3-panel-nachzug.e2e.ts,"H3-Nachzug — Panel: Lade-Ende, Erreichbarkeit, Gestalt › (f) B2/B5 · im Lesekörper hängt kein Öffner mehr, und nie zwei gleichzeitig",FLAKE-RETRY,803bc7d95
35914173588,2026-09-23,pull_request,1025,e2e/d21-seitenleiste-kein-sprung.e2e.ts,D21 · Kein Layoutsprung beim Routenwechsel › Sidebar-Nachbar: Kante und Breite bleiben über den Routenwechsel identisch,FANG-GEMISCHT,41046b8ab [kette;2c;P=1;specT=1;helperT=0;otherSpecT=0;gruen]
35914173588,2026-09-23,pull_request,1025,e2e/kein-abschnitt.e2e.ts,"R8 — Bericht & Tor › Report schreiben, keine nicht erlaubten Funde",FANG-PRODUKT,41046b8ab [kette;2c;P=1;specT=0;helperT=0;otherSpecT=1;gruen]
35914173588,2026-09-23,pull_request,1025,e2e/uinav-j-rechtsprechung.e2e.ts,"W2·10-UI-NAV-J · Rechtsprechungs-Seiten › Entscheid-Liste: Gebiet je Zeile, Datum einmal je Gruppe, keine Gericht-Fusszeile",FANG-PRODUKT,41046b8ab [kette;2c;P=1;specT=0;helperT=0;otherSpecT=1;gruen]
35919030218,2026-09-23,pull_request,1028,e2e/leser-v3-panel-nachzug.e2e.ts,"H3-Nachzug — Panel: Lade-Ende, Erreichbarkeit, Gestalt › (f) B2/B5 · im Lesekörper hängt kein Öffner mehr, und nie zwei gleichzeitig",FLAKE-RETRY,a051cdce5
35984783583,2026-09-24,merge_group,1016,e2e/leser-v3-panel-nachzug.e2e.ts,"H3-Nachzug — Panel: Lade-Ende, Erreichbarkeit, Gestalt › (f) B2/B5 · im Lesekörper hängt kein Öffner mehr, und nie zwei gleichzeitig",FLAKE-RETRY,eef49dae1
35997782945,2026-09-24,pull_request,1040,e2e/kein-abschnitt.e2e.ts,"R8 — Bericht & Tor › Report schreiben, keine nicht erlaubten Funde",FANG-PRODUKT,7d7550a79 [zeit;17c;P=1;specT=0;helperT=0;otherSpecT=1;gruen]
36009374111,2026-09-24,merge_group,1042,e2e/leser-v3-panel-nachzug.e2e.ts,"H3-Nachzug — Panel: Lade-Ende, Erreichbarkeit, Gestalt › (f) B2/B5 · im Lesekörper hängt kein Öffner mehr, und nie zwei gleichzeitig",FLAKE-RETRY,0ef4866b9
36029439744,2026-09-24,pull_request,1051,e2e/kein-abschnitt.e2e.ts,"R8 — Bericht & Tor › Report schreiben, keine nicht erlaubten Funde",FANG-PRODUKT,ac4568633 [kette;1c;P=1;specT=0;helperT=0;otherSpecT=0;gruen]
36035015216,2026-09-24,pull_request,1058,e2e/leser-position-u.e2e.ts,"A17 — Split-View an der Fundstelle › Norm-⧉ (Entscheid → UVG): Pane öffnet an Art. 18, nicht am Seitenanfang",FLAKE-RETRY,3e556f8b6
36035202296,2026-09-24,pull_request,1062,e2e/kein-abschnitt.e2e.ts,"R8 — Geometrie-Sweep (a, b, c, f, g, h) › /gesetze/bund/OR — hell",FANG-PRODUKT,0100f4c52 [zeit;6c;P=1;specT=0;helperT=0;otherSpecT=1;gruen]
36043845862,2026-09-24,pull_request,1065,e2e/qsui-hierarchie.e2e.ts,Verdikt zuerst · Vorlagen — Mobil › /vorlagen/klage-vereinfacht,FANG-PRODUKT,f65ae67fb [kette;1c;P=1;specT=0;helperT=0;otherSpecT=0;gruen]
36046396225,2026-09-24,pull_request,1067,e2e/leser-links-p3.e2e.ts,P3 · Links im Gesetzesleser › kein Textlink ohne Unterstrich — und die benannten tragen ihn wirklich,FANG-GEMISCHT,4fbf5fa52 [zeit;6c;P=1;specT=1;helperT=1;otherSpecT=1;gruen]
36046396225,2026-09-24,pull_request,1067,e2e/w224-r11-reiterleiste.e2e.ts,"R1 — die Leiste ist nicht trist › auch inaktive Reiter tragen ihre Registerfarbe (voll), nicht Grau",FLAKE-RETRY,f36dd64e2
36048365734,2026-09-24,merge_group,1062,e2e/leser-ruecksprung-r5-r7.e2e.ts,R7 — Deep-Link-Skeleton › Einsprung über #art-… zeigt die Zielansage statt des Dokumentanfangs,FLAKE-RETRY,65bd0c16f
36061643618,2026-09-24,pull_request,1072,e2e/leser-v3-panel-bezuege-wirkung.e2e.ts,"V3-Panel · Bezüge-Facetten/Zeit — WIRKUNG (§7b Pos. 2) › Datumsfeld «von» schneidet die Liste, «bis» grenzt weiter ein",FANG-TEST,008f4a261 [kette;2c;P=0;specT=1;helperT=0;otherSpecT=1;gruen]
36061643618,2026-09-24,pull_request,1072,e2e/leser-v3-panel-bezuege-wirkung.e2e.ts,V3-Panel · Bezüge-Facetten/Zeit — WIRKUNG (§7b Pos. 2) › Zurücksetzen hebt den Zeitraum auf,FANG-TEST,008f4a261 [kette;2c;P=0;specT=1;helperT=0;otherSpecT=1;gruen]
36061643618,2026-09-24,pull_request,1072,e2e/leser-v3-panel-bezuege-wirkung.e2e.ts,V3-Panel · Bezüge-Facetten/Zeit — WIRKUNG (§7b Pos. 2) › der Zeitraum übersteht einen Neuladen,FANG-TEST,008f4a261 [kette;2c;P=0;specT=1;helperT=0;otherSpecT=1;gruen]
36061643618,2026-09-24,pull_request,1072,e2e/leser-v3-panel-bezuege-wirkung.e2e.ts,"V3-Panel · Bezüge-Facetten/Zeit — WIRKUNG (§7b Pos. 2) › verdrehte Eingabe wird getauscht, nicht als leere Menge gedeutet",FANG-TEST,008f4a261 [kette;2c;P=0;specT=1;helperT=0;otherSpecT=1;gruen]
36061643618,2026-09-24,pull_request,1072,e2e/rechtsprechung.e2e.ts,Kanton BS — Register-Facette und Reader › datumloser BS-Entscheid: Platzhalter nie als Datum; Erstpublikation + Sekundärnummer im Kopf (§7.2),FANG-TEST,008f4a261 [kette;2c;P=0;specT=1;helperT=0;otherSpecT=1;gruen]
36067525236,2026-09-24,pull_request,1072,e2e/hist-ansicht-w25i.e2e.ts,"der Schalter rührt die Fassung nicht an — sie steht im Blatt, am Artikel nur im Druck",FLAKE-RETRY,d4e8a4269
36073915574,2026-09-24,merge_group,1087,e2e/leser-ruecksprung-r5-r7.e2e.ts,R7 — Deep-Link-Skeleton › Einsprung über #art-… zeigt die Zielansage statt des Dokumentanfangs,FLAKE-RETRY,2b5913cc6
36113830651,2026-09-25,pull_request,1096,e2e/w229-w1f-blatt-folgt.e2e.ts,S6 W1f · jeder Reiter folgt dem Artikel › (j) Materialien: die Botschaft zum Artikel — oder ehrlich «nichts erfasst»,FANG-TEST,d1aab8304 [kette;2c;P=0;specT=1;helperT=0;otherSpecT=0;gruen]
36115149020,2026-09-25,pull_request,1096,e2e/w229-w1f-blatt-folgt.e2e.ts,S6 W1f · jeder Reiter folgt dem Artikel › (j) Materialien: die Botschaft zum Artikel — oder ehrlich «nichts erfasst»,FANG-TEST,d1aab8304 [kette;1c;P=0;specT=1;helperT=0;otherSpecT=0;gruen]
36124134898,2026-09-25,pull_request,1099,e2e/leser-v3-panel-entscheide-s6.e2e.ts,"S6-W1b — Reiter Entscheide › (a) OR Art. 41: BGE → kantonale Gerichte, je 5, «weitere» holt nach und führt den Fokus",FANG-GEMISCHT,d753adec5 [kette;4c;P=1;specT=1;helperT=0;otherSpecT=0;gruen]
36126882154,2026-09-25,pull_request,1099,e2e/kein-abschnitt.e2e.ts,"R8 — Bericht & Tor › Report schreiben, keine nicht erlaubten Funde",FLAKE-RETRY,e3f874779
36149851136,2026-09-25,pull_request,1116,e2e/druck-dunkel-dk09.e2e.ts,"DK-09 · Druck × dunkel › Gesetzes-Leser: Titel und Artikeltext ≥ 4,5:1 im Ausdruck",FLAKE-RETRY,ef375ac8a
36150798701,2026-09-25,pull_request,1117,e2e/druck-dunkel-dk09.e2e.ts,"DK-09 · Druck × dunkel › Gesetzes-Leser: Titel und Artikeltext ≥ 4,5:1 im Ausdruck",FLAKE-RETRY,6151c9d82
36153524417,2026-09-25,pull_request,1113,e2e/druck-dunkel-dk09.e2e.ts,"DK-09 · Druck × dunkel › Gesetzes-Leser: Titel und Artikeltext ≥ 4,5:1 im Ausdruck",FLAKE-RETRY,7bb49abf0
36157870757,2026-09-25,pull_request,1113,e2e/w224-gb-register.e2e.ts,Registerfarbe in der Seite @390 dark › ≥ 3 Träger ausserhalb der Reiterleiste — /gesetze/bund/OR,FLAKE-RETRY,63a78d0c3
36157870757,2026-09-25,pull_request,1113,e2e/w224-r11-reiterleiste.e2e.ts,"R1 — die Leiste ist nicht trist › auch inaktive Reiter tragen ihre Registerfarbe (voll), nicht Grau",FLAKE-RETRY,63a78d0c3
36157870757,2026-09-25,pull_request,1113,e2e/w224-reiter-umordnen-d16.e2e.ts,W2·18 Welle 3 Punkt 5 — Reihenfolge ändern ohne Maus › Langdruck öffnet dasselbe Menü — und öffnet dabei keinen Reiter,FLAKE-RETRY,63a78d0c3
36199612275,2026-09-25,pull_request,1143,e2e/rechtsprechung.e2e.ts,"V5 — Erwägungs-Rail im Entscheid-Leser › A9: Rail-Sprung + Suche flüssig unter CPU-Throttle, CLS 0",FLAKE-RETRY,9321e6cc3
36209886307,2026-09-26,pull_request,1150,e2e/vorlagen-breite.e2e.ts,/vorlagen/mietvertrag: Zeilenfall @1920 gleich wie @1280 (Musterdaten),FANG-BAU,56d9c76a7 [kette;1c;P=0;specT=1;helperT=0;otherSpecT=0;gruen]
36209886307,2026-09-26,pull_request,1150,e2e/vorlagen-breite.e2e.ts,/vorlagen/testament: Zeilenfall @1920 gleich wie @1280 (Musterdaten),FANG-BAU,56d9c76a7 [kette;1c;P=0;specT=1;helperT=0;otherSpecT=0;gruen]
36642107970,2026-09-29,pull_request,1156,e2e/materialien-breite.e2e.ts,/materialien/deckung @1024: nicht mehr gekappte Titel als main,OFFEN-FANG-GEMISCHT,ba7ef8b3a [kette;4c;P=1;specT=1;helperT=0;otherSpecT=1;nogruen]
36642107970,2026-09-29,pull_request,1156,e2e/materialien-breite.e2e.ts,/materialien/deckung @640 Skala 1: nicht mehr verdeckte Zahlen-Pixel als main,OFFEN-FANG-GEMISCHT,ba7ef8b3a [kette;4c;P=1;specT=1;helperT=0;otherSpecT=1;nogruen]
36642107970,2026-09-29,pull_request,1156,e2e/materialien-breite.e2e.ts,/materialien/deckung @640: nicht mehr gekappte Titel als main,OFFEN-FANG-GEMISCHT,ba7ef8b3a [kette;4c;P=1;specT=1;helperT=0;otherSpecT=1;nogruen]
36642107970,2026-09-29,pull_request,1156,e2e/materialien-breite.e2e.ts,/materialien/deckung @768: nicht mehr gekappte Titel als main,OFFEN-FANG-GEMISCHT,ba7ef8b3a [kette;4c;P=1;specT=1;helperT=0;otherSpecT=1;nogruen]
36646241173,2026-09-29,pull_request,1156,e2e/gesetze-breite.e2e.ts,/gesetze?ebene=bund @1920: nicht mehr gekappte Titel als main (Neuansatz statt Deckel),OFFEN-PR-GESCHLOSSEN,- [kette;0c;P=0;specT=0;helperT=0;otherSpecT=0;nogruen]
36646241173,2026-09-29,pull_request,1156,e2e/materialien-breite.e2e.ts,/materialien/deckung @1024: nicht mehr gekappte Titel als main,OFFEN-PR-GESCHLOSSEN,- [kette;0c;P=0;specT=0;helperT=0;otherSpecT=0;nogruen]
36646241173,2026-09-29,pull_request,1156,e2e/materialien-breite.e2e.ts,/materialien/deckung @640 Skala 1: nicht mehr verdeckte Zahlen-Pixel als main,OFFEN-PR-GESCHLOSSEN,- [kette;0c;P=0;specT=0;helperT=0;otherSpecT=0;nogruen]
36646241173,2026-09-29,pull_request,1156,e2e/materialien-breite.e2e.ts,/materialien/deckung @640: nicht mehr gekappte Titel als main,OFFEN-PR-GESCHLOSSEN,- [kette;0c;P=0;specT=0;helperT=0;otherSpecT=0;nogruen]
36646241173,2026-09-29,pull_request,1156,e2e/materialien-breite.e2e.ts,/materialien/deckung @768: nicht mehr gekappte Titel als main,OFFEN-PR-GESCHLOSSEN,- [kette;0c;P=0;specT=0;helperT=0;otherSpecT=0;nogruen]
36707643820,2026-09-30,pull_request,1175,e2e/leser-position-u.e2e.ts,"A17 — Split-View an der Fundstelle › Norm-⧉ (Entscheid → UVG): Pane öffnet an Art. 18, nicht am Seitenanfang",FLAKE-RETRY,267797cce
36780379937,2026-09-30,merge_group,1203,e2e/leser-position-u.e2e.ts,"A17 — Split-View an der Fundstelle › Norm-⧉ (Entscheid → UVG): Pane öffnet an Art. 18, nicht am Seitenanfang",FLAKE-RETRY,62a8acc06
36829388441,2026-10-01,pull_request,1221,e2e/leser-ruecksprung-r5-r7.e2e.ts,R7 — Deep-Link-Skeleton › Einsprung über #art-… zeigt die Zielansage statt des Dokumentanfangs,FLAKE-RETRY,2681a2c4c
36854115953,2026-10-01,pull_request,1234,e2e/gesetze-pdf-download.e2e.ts,"U-PDF · Download = amtliches PDF (A12) › Bund-Snapshot (OR): Fedlex-Filestore-pdf-a, ehrlich beschriftet, fokussierbar",FANG-TEST,05af23d76 [kette;2c;P=0;specT=1;helperT=0;otherSpecT=0;gruen]
36855556834,2026-10-01,pull_request,1234,e2e/gesetze-pdf-download.e2e.ts,"U-PDF · Download = amtliches PDF (A12) › Bund-Snapshot (OR): Fedlex-Filestore-pdf-a, ehrlich beschriftet, fokussierbar",FANG-TEST,05af23d76 [kette;1c;P=0;specT=1;helperT=0;otherSpecT=0;gruen]
36890985162,2026-10-01,pull_request,1239,e2e/leser-v3-panel-nachzug.e2e.ts,"H3-Nachzug — Panel: Lade-Ende, Erreichbarkeit, Gestalt › (f) B2/B5 · im Lesekörper hängt kein Öffner mehr, und nie zwei gleichzeitig",FLAKE-RETRY,b2da71ad2
36894892472,2026-10-01,merge_group,1240,e2e/rechtsprechung.e2e.ts,"V5 — Erwägungs-Rail im Entscheid-Leser › A9: Rail-Sprung + Suche flüssig unter CPU-Throttle, CLS 0",FLAKE-RETRY,3cd604bee
36945701180,2026-10-02,pull_request,1256,e2e/suche-q-fokus-s1-s6.e2e.ts,S1 · Query-Durchreichung ?q= › «alle N →» und die Trefferzahl der Zielseite nennen dieselbe Zahl (§8),FLAKE-RETRY,51ead1eaa
36985491689,2026-10-02,push,main,e2e/leser-dialog-fokus.e2e.ts,"Dialog-Fokus @375 › Gliederungs-Sheet: Tab läuft durch (Box zu), <summary> erreichbar, Box auf → Links, Shift+Tab symmetrisch",FLAKE-RETRY,7a30d3ace
36985491689,2026-10-02,push,main,e2e/leser-dialog-fokus.e2e.ts,"Dialog-Fokus @768 › Gliederungs-Sheet: Tab läuft durch (Box zu), <summary> erreichbar, Box auf → Links, Shift+Tab symmetrisch",FLAKE-RETRY,7a30d3ace
36989824392,2026-10-02,merge_group,1265,e2e/leser-dialog-fokus.e2e.ts,"Dialog-Fokus @375 › Gliederungs-Sheet: Tab läuft durch (Box zu), <summary> erreichbar, Box auf → Links, Shift+Tab symmetrisch",FLAKE-RETRY,337ca72e6
36989824392,2026-10-02,merge_group,1265,e2e/leser-dialog-fokus.e2e.ts,"Dialog-Fokus @768 › Gliederungs-Sheet: Tab läuft durch (Box zu), <summary> erreichbar, Box auf → Links, Shift+Tab symmetrisch",FLAKE-RETRY,337ca72e6
36993532753,2026-10-02,merge_group,1266,e2e/leser-dialog-fokus.e2e.ts,"Dialog-Fokus @768 › Gliederungs-Sheet: Tab läuft durch (Box zu), <summary> erreichbar, Box auf → Links, Shift+Tab symmetrisch",FLAKE-RETRY,adbd707b5
36995522427,2026-10-02,pull_request,1264,e2e/leser-dialog-fokus.e2e.ts,"Dialog-Fokus @768 › Gliederungs-Sheet: Tab läuft durch (Box zu), <summary> erreichbar, Box auf → Links, Shift+Tab symmetrisch",FLAKE-RETRY,b2630a927
36998021514,2026-10-02,pull_request,1268,e2e/leser-dialog-fokus.e2e.ts,"Dialog-Fokus @768 › Gliederungs-Sheet: Tab läuft durch (Box zu), <summary> erreichbar, Box auf → Links, Shift+Tab symmetrisch",FLAKE-RETRY,cf16cc2dd
37018443755,2026-10-02,pull_request,1277,e2e/w229-w1f-blatt-artikel.e2e.ts,"S6 W1f · Split × Einzelmodus × Blatt (Auflage Nachprüfung #1040) › (g) Hauptpane im Einzelmodus: kein Blatt, kein Griff, keine tote Spur — das Nachbar-Pane unberührt",FANG-PRODUKT,1facb2339 [kette;2c;P=1;specT=0;helperT=0;otherSpecT=1;gruen]
37021107654,2026-10-02,pull_request,1277,e2e/w229-w1f-blatt-artikel.e2e.ts,"S6 W1f · Split × Einzelmodus × Blatt (Auflage Nachprüfung #1040) › (g) Hauptpane im Einzelmodus: kein Blatt, kein Griff, keine tote Spur — das Nachbar-Pane unberührt",FANG-PRODUKT,025bdf5b0 [kette;1c;P=1;specT=0;helperT=0;otherSpecT=1;gruen]
37030890002,2026-10-02,pull_request,1275,e2e/leser-d38-treffer-lesespalte.e2e.ts,(d) Umschalten Text↔Treffer verschiebt nichts — weder Kopf noch Text,FLAKE-RETRY,fdfe58d72
37030890002,2026-10-02,pull_request,1275,e2e/seitenbreite.e2e.ts,Schriftskala 1.4 Handy 320–560 (W2·31 L) › /: kein Seiten-Querscroll @320/375/560,FLAKE-RETRY,fdfe58d72
37032225907,2026-10-02,pull_request,1279,e2e/leser-druck-tabellen-w217.e2e.ts,"W2·17 · Tabellen am Bildschirm: Prosa bricht um, Beträge bleiben einzeilig › D01/D02 @1440 light: Tabellen passen in die Spalte (ab 1440), Seite läuft nie quer",FANG-BAU,9eaaa9464 [zeit;13c;P=1;specT=1;helperT=1;otherSpecT=1;gruen]
37032225907,2026-10-02,pull_request,1279,e2e/leser-druck-tabellen-w217.e2e.ts,"W2·17 · Tabellen am Bildschirm: Prosa bricht um, Beträge bleiben einzeilig › D01/D02 @1920 light: Tabellen passen in die Spalte (ab 1440), Seite läuft nie quer",FANG-BAU,9eaaa9464 [zeit;13c;P=1;specT=1;helperT=1;otherSpecT=1;gruen]
37032225907,2026-10-02,pull_request,1279,e2e/leser-druck-tabellen-w217.e2e.ts,"W2·17 · Tabellen am Bildschirm: Prosa bricht um, Beträge bleiben einzeilig › D01/D02 @375 dark: Tabellen passen in die Spalte (ab 1440), Seite läuft nie quer",FANG-BAU,9eaaa9464 [zeit;13c;P=1;specT=1;helperT=1;otherSpecT=1;gruen]
37032225907,2026-10-02,pull_request,1279,e2e/leser-druck-tabellen-w217.e2e.ts,"W2·17 · Tabellen am Bildschirm: Prosa bricht um, Beträge bleiben einzeilig › D01/D02 @375 light: Tabellen passen in die Spalte (ab 1440), Seite läuft nie quer",FANG-BAU,9eaaa9464 [zeit;13c;P=1;specT=1;helperT=1;otherSpecT=1;gruen]
37039936995,2026-10-02,pull_request,1279,e2e/leser-druck-tabellen-w217.e2e.ts,W2·17 · Druck: Tabellen bleiben in der Satzspiegel-Breite › AHVV: keine Tabellenzelle ragt im Druck über die Spalte,FLAKE-RETRY,1922a3dc3
37039936995,2026-10-02,pull_request,1279,e2e/leser-druck-tabellen-w217.e2e.ts,W2·17 · Druck: Tabellen bleiben in der Satzspiegel-Breite › CHEMRRV: keine Tabellenzelle ragt im Druck über die Spalte,FLAKE-RETRY,1922a3dc3
37039936995,2026-10-02,pull_request,1279,e2e/leser-druck-tabellen-w217.e2e.ts,W2·17 · Druck: Tabellen bleiben in der Satzspiegel-Breite › FZA: keine Tabellenzelle ragt im Druck über die Spalte,FLAKE-RETRY,1922a3dc3
37039936995,2026-10-02,pull_request,1279,e2e/leser-druck-tabellen-w217.e2e.ts,W2·17 · Druck: Tabellen bleiben in der Satzspiegel-Breite › LRV: keine Tabellenzelle ragt im Druck über die Spalte,FLAKE-RETRY,1922a3dc3
37039936995,2026-10-02,pull_request,1279,e2e/leser-druck-tabellen-w217.e2e.ts,W2·17 · Druck: Tabellen bleiben in der Satzspiegel-Breite › LSV: keine Tabellenzelle ragt im Druck über die Spalte,FLAKE-RETRY,1922a3dc3
37045992209,2026-10-02,pull_request,1279,e2e/leser-druck-tabellen-w217.e2e.ts,W2·17 · Druck: Tabellen bleiben in der Satzspiegel-Breite › FZA: keine Tabellenzelle ragt im Druck über die Spalte,FLAKE-RETRY,00ad6f211
37045992209,2026-10-02,pull_request,1279,e2e/leser-druck-tabellen-w217.e2e.ts,W2·17 · Druck: Tabellen bleiben in der Satzspiegel-Breite › LRV: keine Tabellenzelle ragt im Druck über die Spalte,FLAKE-RETRY,00ad6f211
37049250825,2026-10-02,pull_request,1279,e2e/leser-druck-tabellen-w217.e2e.ts,"W2·17 · Druck (page.pdf): breite Tabellen stehen vollständig im PDF — oder der Ausdruck sagt, dass er kürzt › LRV: jede Tabellenzelle steht im PDF oder der Kürzungs-Hinweis",FANG-BAU,9eaaa9464 [zeit;13c;P=1;specT=1;helperT=1;otherSpecT=1;gruen]
37057308844,2026-10-02,pull_request,1285,e2e/seitenbreite.e2e.ts,Schriftskala 1.4 Handy 320–560 (W2·31 L) › /: kein Seiten-Querscroll @320/375/560,FLAKE-RETRY,2e6cd1d7f
37059459329,2026-10-02,pull_request,1286,e2e/leser-split-w217.e2e.ts,"W2·17 Split — Tastatur, Esc, Fokus › F1-B03: «Hauptfenster schliessen» gibt den Fokus an den Hauptinhalt, nicht an <body>",FLAKE-RETRY,1d9bc0ad2
37068311318,2026-10-02,pull_request,1292,e2e/leser-split-w217.e2e.ts,"W2·17 Split — Tastatur, Esc, Fokus › F1-B03: «Hauptfenster schliessen» gibt den Fokus an den Hauptinhalt, nicht an <body>",FLAKE-RETRY,e0db013d3
37070668581,2026-10-02,pull_request,1288,e2e/leser-v3-panel-bezuege-wirkung.e2e.ts,V3-Panel · Bezüge-Facetten/Zeit — WIRKUNG (§7b Pos. 2) › MIGRATION: eine gespeicherte Alt-Stufe «5 J.» wird EINMALIG zum Von-Datum,FANG-PRODUKT,88d59aa13 [zeit;10c;P=1;specT=0;helperT=0;otherSpecT=0;gruen]
37073183696,2026-10-02,pull_request,1292,e2e/leser-v3-panel-bezuege-wirkung.e2e.ts,V3-Panel · Bezüge-Facetten/Zeit — WIRKUNG (§7b Pos. 2) › MIGRATION: eine gespeicherte Alt-Stufe «5 J.» wird EINMALIG zum Von-Datum,FANG-PRODUKT,27a56fe6b [zeit;6c;P=1;specT=0;helperT=0;otherSpecT=0;gruen]
37141338593,2026-10-03,pull_request,1299,e2e/leser-split-w217.e2e.ts,"W2·17 Split — Tastatur, Esc, Fokus › F1-B03: «Hauptfenster schliessen» gibt den Fokus an den Hauptinhalt, nicht an <body>",FLAKE-RETRY,9134456f9
37146498363,2026-10-03,pull_request,1300,e2e/leser-split-w217.e2e.ts,"W2·17 Split — Tastatur, Esc, Fokus › F1-B03: «Hauptfenster schliessen» gibt den Fokus an den Hauptinhalt, nicht an <body>",FLAKE-RETRY,7559aa278
37147249608,2026-10-03,pull_request,1301,e2e/leser-split-w217.e2e.ts,"W2·17 Split — Tastatur, Esc, Fokus › F1-B03: «Hauptfenster schliessen» gibt den Fokus an den Hauptinhalt, nicht an <body>",FLAKE-RETRY,ad1147668
37222396440,2026-10-04,pull_request,1254,e2e/leser-einzelmodus.e2e.ts,W2·17 — Sprünge im Einzelmodus: Adresse und Anzeige stimmen überein › PE-B12-B03 · die Landkarte führt im Einzelmodus zum Artikel — und der Klick ins Leere beendet die Suche nicht (PE-B12-B02),FLAKE-RETRY,48499d20a
37226386728,2026-10-04,pull_request,1231,e2e/leser-einzelmodus.e2e.ts,"W2·5m/E1 — der Umschalter und das Blättern › ←/→ blättern (Tastatur), j/k bleiben unberührt",FLAKE-RETRY,fa16718e8
33948042538,2026-09-05,pull_request,689,-,Job 101257884986: ##[error]Process completed with exit code 1.,INFRA-GATE,116aa81a0
33948042538,2026-09-05,pull_request,689,-,Job 101257884993: ##[error]Process completed with exit code 1.,INFRA-GATE,116aa81a0
33948042538,2026-09-05,pull_request,689,-,Job 101257884997: ##[error]Process completed with exit code 1.,INFRA-GATE,116aa81a0
33948042538,2026-09-05,pull_request,689,-,Job 101257885008: ##[error]Process completed with exit code 1.,INFRA-GATE,116aa81a0
33948042538,2026-09-05,pull_request,689,-,Job 101257885025: ##[error]Process completed with exit code 1.,INFRA-GATE,116aa81a0
33948042538,2026-09-05,pull_request,689,-,Job 101257885035: ##[error]Process completed with exit code 1.,INFRA-GATE,116aa81a0
33948042538,2026-09-05,pull_request,689,-,Job 101257885055: ##[error]Process completed with exit code 1.,INFRA-GATE,116aa81a0
33948042538,2026-09-05,pull_request,689,-,Job 101257885065: ##[error]Process completed with exit code 1.,INFRA-GATE,116aa81a0
34132079201,2026-09-07,push,main,-,"Job 101776698062: ##[error]playwright install --with-deps kam in zwei Versuchen à 5 min nicht durch — Paketspiegel gestört, Shar",INFRA,8d398874e
34138757028,2026-09-07,pull_request,757,-,"Job 101796495755: ##[error]playwright install --with-deps kam in zwei Versuchen à 5 min nicht durch — Paketspiegel gestört, Shar",INFRA,fdba3d1d2
34139830668,2026-09-07,pull_request,756,-,"Job 101799795009: ##[error]playwright install --with-deps kam in zwei Versuchen à 5 min nicht durch — Paketspiegel gestört, Shar",INFRA,c6e1d63bf
34146616575,2026-09-07,pull_request,758,-,"Job 101820519941: ##[error]playwright install --with-deps kam in zwei Versuchen à 5 min nicht durch — Paketspiegel gestört, Shar",INFRA,7db4880d5
34207523312,2026-09-08,push,main,-,"Job 102001268864: ##[error]playwright install --with-deps kam in zwei Versuchen à 5 min nicht durch — Paketspiegel gestört, Shar",INFRA,dc5faa175
34207632217,2026-09-08,pull_request,769,-,Job 102002288685: ##[error]Unable to download artifact(s): Unable to download and extract artifact: Artifact download failed aft,INFRA,862221021
34207632217,2026-09-08,pull_request,769,-,Job 102002288700: ##[error]Unable to download artifact(s): Unable to download and extract artifact: Artifact download failed aft,INFRA,862221021
34207632217,2026-09-08,pull_request,769,-,Job 102002288708: ##[error]Unable to download artifact(s): Unable to download and extract artifact: Artifact download failed aft,INFRA,862221021
34241159277,2026-09-08,pull_request,779,-,"Job 102112456997: ##[error]playwright install --with-deps kam in zwei Versuchen à 5 min nicht durch — Paketspiegel gestört, Shar",INFRA,c8d5f8073
34613098864,2026-09-11,pull_request,788,-,Job 103308956331: ##[error]Process completed with exit code 1.,INFRA-GATE,3c9be35e2
34613098864,2026-09-11,pull_request,788,-,Job 103308956438: ##[error]Process completed with exit code 1.,INFRA-GATE,3c9be35e2
34613098864,2026-09-11,pull_request,788,-,Job 103308956527: ##[error]Process completed with exit code 1.,INFRA-GATE,3c9be35e2
34613098864,2026-09-11,pull_request,788,-,Job 103308956592: ##[error]Process completed with exit code 1.,INFRA-GATE,3c9be35e2
35659922707,2026-09-21,pull_request,968,-,Job 106533347642: ##[error]Process completed with exit code 1. | ##[error]Flacker-Wächter: Playwright-Report playwright-report.j,INFRA,a1d2e495a
35659922707,2026-09-21,pull_request,968,-,Job 106533347650: ##[error]Process completed with exit code 1. | ##[error]Flacker-Wächter: Playwright-Report playwright-report.j,INFRA,a1d2e495a
35659922707,2026-09-21,pull_request,968,-,Job 106533347721: ##[error]Process completed with exit code 1. | ##[error]Flacker-Wächter: Playwright-Report playwright-report.j,INFRA,a1d2e495a
35659922707,2026-09-21,pull_request,968,-,Job 106533347743: ##[error]Process completed with exit code 1. | ##[error]Flacker-Wächter: Playwright-Report playwright-report.j,INFRA,a1d2e495a
36757671705,2026-09-30,pull_request,1185,-,"Job 110033162459: ##[error]playwright install kam in zwei Versuchen nicht durch — Paketspiegel gestört, Shard rot (nicht still ü",INFRA,4f7e66dc8
36885150267,2026-10-01,pull_request,1237,-,"Job 110447832938: ##[error]playwright install kam in zwei Versuchen nicht durch — Paketspiegel gestört, Shard rot (nicht still ü",INFRA,aad0b8409
36887676700,2026-10-01,pull_request,1238,-,"Job 110456701890: ##[error]playwright install kam in zwei Versuchen nicht durch — Paketspiegel gestört, Shard rot (nicht still ü",INFRA,c328c2fe7
36890985162,2026-10-01,pull_request,1239,-,"Job 110467556561: ##[error]playwright install kam in zwei Versuchen nicht durch — Paketspiegel gestört, Shard rot (nicht still ü",INFRA,b2da71ad2
36890985162,2026-10-01,pull_request,1239,-,"Job 110467556689: ##[error]playwright install kam in zwei Versuchen nicht durch — Paketspiegel gestört, Shard rot (nicht still ü",INFRA,b2da71ad2
36893290218,2026-10-01,merge_group,1238,-,"Job 110475181030: ##[error]playwright install kam in zwei Versuchen nicht durch — Paketspiegel gestört, Shard rot (nicht still ü",INFRA,0756c6997
36893290218,2026-10-01,merge_group,1238,-,"Job 110475181337: ##[error]playwright install kam in zwei Versuchen nicht durch — Paketspiegel gestört, Shard rot (nicht still ü",INFRA,0756c6997
36893885577,2026-10-01,merge_group,1240,-,"Job 110477228860: ##[error]playwright install kam in zwei Versuchen nicht durch — Paketspiegel gestört, Shard rot (nicht still ü",INFRA,e064b15fc
36894892472,2026-10-01,merge_group,1240,-,"Job 110480650727: ##[error]playwright install kam in zwei Versuchen nicht durch — Paketspiegel gestört, Shard rot (nicht still ü",INFRA,3cd604bee
36894892472,2026-10-01,merge_group,1240,-,"Job 110480650757: ##[error]playwright install kam in zwei Versuchen nicht durch — Paketspiegel gestört, Shard rot (nicht still ü",INFRA,3cd604bee
36896671620,2026-10-01,merge_group,1238,-,"Job 110486577774: ##[error]playwright install kam in zwei Versuchen nicht durch — Paketspiegel gestört, Shard rot (nicht still ü",INFRA,7d9df9ea8
36900078587,2026-10-01,pull_request,1241,-,"Job 110498400817: ##[error]playwright install kam in zwei Versuchen nicht durch — Paketspiegel gestört, Shard rot (nicht still ü",INFRA,4076eaaa7
36900772085,2026-10-01,pull_request,1243,-,"Job 110500295338: ##[error]playwright install kam in zwei Versuchen nicht durch — Paketspiegel gestört, Shard rot (nicht still ü",INFRA,a23386f7f
36901797148,2026-10-01,pull_request,1239,-,"Job 110504256065: ##[error]playwright install kam in zwei Versuchen nicht durch — Paketspiegel gestört, Shard rot (nicht still ü",INFRA,05312d4ed
36901797148,2026-10-01,pull_request,1239,-,"Job 110504256178: ##[error]playwright install kam in zwei Versuchen nicht durch — Paketspiegel gestört, Shard rot (nicht still ü",INFRA,05312d4ed
36902840705,2026-10-01,pull_request,1244,-,"Job 110507304787: ##[error]playwright install kam in zwei Versuchen nicht durch — Paketspiegel gestört, Shard rot (nicht still ü",INFRA,fb99131c1
30152157578,2026-07-25,pull_request,359,-,Job 89671703078: ##[error]Unable to download artifact(s): Failed to GetSignedArtifactURL: Received non-retryable error: Failed ,INFRA,5a2d67497
30152157578,2026-07-25,pull_request,359,-,Job 89672654235: ##[error]Unable to download artifact(s): Failed to GetSignedArtifactURL: Received non-retryable error: Failed ,INFRA,5a2d67497
30867765440,2026-08-04,push,main,-,Job 91863506731: ,INFRA,caf0ea327
